Gender	mperformance	mhelping_behavior	mburnout	email_overload	depression	anxiety	cognitive_failure	workaholism	burnout	job_stress	perfectionism	engagement	UseNowFlextime	UseNowShortWk	UseNowPaidFMLA	UseNowFlexAcct	UseNowEaseBack	career_interruption	Mentor_Type	partner_employment	married	sum_ir
male	4.1425	3.861704545454544	1.4337681159420288	2	1.2	1.25	1.4	2.769230769230769	2.3333333333333335	3	4.2	3.888888888888889	Yes	No	No	No	No	Having a Child	Coach Mentor	Yes	Yes	53
female	4	4	2	2.18725	1.3813333333333344	1.5733333333333335	2.268666666666668	2.9816346153846154	2.5600925925925937	3.060555555555556	3.9920000000000004	3.822592592592594	Yes	No	No	No	No	Having a Child	Mgr. Mentor External	Yes	Yes	79.23
male	4	4.333333333333333	1	1	1	1	1.2	2.230769230769231	2.6666666666666665	4.333333333333333	4.8	4.444444444444445	No	No	No	No	No	Having a Child	Mgr. Mentor Internal	Yes	Yes	155
female	3	4	3.6666666666666665	3.25	2	2	2.6	3.5384615384615383	1.6666666666666667	3.3333333333333335	4	4.666666666666667	Yes	No	No	No	No	Education	Mgr. Mentor External	Yes	No	155.81738095238097
female	3.75	4	3	2.81375	1.9170000000000005	1.9925	2.622	2.8784615384615377	4.261944444444444	3.95	4.432599999999999	3.6722222222222207	Yes	No	No	No	No	Having a Child	Mgr. Mentor Internal	Yes	Yes	130.585
female	5	5	2	1.5	2.6	2.5	2.4	2.1538461538461537	3.6666666666666665	1.3333333333333333	3.8	4.333333333333333	Yes	No	No	No	No	Having a Child	Peer Mentor Internal	Yes	Yes	158
male	4	4	2	2.5	1.4	1	2.8	2.4615384615384617	6	3.6666666666666665	3.2	3.2222222222222223	No	Yes	Yes	Yes	No	Education	No Mentor	Yes	Yes	34
female	4.25	4.333333333333333	2	2.0366666666666666	1.4360000000000008	1.5913333333333333	2.238666666666667	3.036442307692308	2.4308333333333345	3.181111111111112	4.120000000000001	3.860185185185185	Yes	No	No	No	No	Education	Mgr. Mentor External	Yes	Yes	145.21066666666667
male	3	3	3	3.08875	3.0193333333333334	2.935	2.2520000000000007	2.98	4.169105339105339	3.1733333333333333	3.054499999999999	3.0682491582491576	No	No	No	No	No	Having a Child	No Mentor	Yes	Yes	72.76633333333334
male	4	4.166666666666667	3.6666666666666665	2.5	1.2	1.25	1.6	3	5	4	4	2.6666666666666665	No	No	No	No	No	Having a Child	No Mentor	Yes	No	60
female	4.25	4.333333333333333	2	1.8575	1.4594666666666674	1.5805	2.2320000000000007	2.855288461538462	2.3833333333333346	3.679999999999999	4.412000000000003	3.845185185185185	Yes	No	No	No	No	Having a Child	Mgr. Mentor Internal	Yes	Yes	123.97833333333334
male	5	5	1	1	1	1	1	2.1538461538461537	1	5	5	4	No	No	No	No	No	Having a Child	Coach Mentor	Yes	Yes	4
female	4.5	4.166666666666667	4.333333333333333	2.2075	1.347666666666667	1.72	2.4159999999999986	2.7911858974358967	3.474814814814816	3.8251111111111107	4.425000000000001	3.797407407407408	Yes	No	No	No	No	Having a Child	Mgr. Mentor Internal	Yes	Yes	168.76958333333334
male	3.75	2.6666666666666665	2.3333333333333335	2	2.4	2	2.8	2.5384615384615383	3	2.3333333333333335	3.8	3.2222222222222223	No	No	No	No	No	Having a Child	Peer Mentor Internal	Yes	Yes	66.595
male	4	4	1	1	1	1	1.6	2.6153846153846154	2.3333333333333335	4.333333333333333	4	3.5555555555555554	No	No	No	No	No	Having a Child	Coach Mentor	Yes	Yes	54
male	4	3.5	1.6666666666666667	1.5	1	1	2	2.230769230769231	1.3333333333333333	2.3333333333333335	4.2	4.222222222222222	No	No	No	No	No	Having a Child	Coach Mentor	Yes	No	55
female	4.335166666666667	4.137323232323231	1.662934782608696	2.5	1	1.25	1.4	3.6153846153846154	1.6666666666666667	2	5	4.444444444444445	No	No	No	No	No	Having a Child	Coach Mentor	Yes	No	2
female	4	3.6666666666666665	1.3333333333333333	1.8132142857142854	1.3800000000000012	1.425	2.0460000000000007	2.7692307692307696	2.4255555555555564	3.154444444444444	4.217999999999999	3.9166381766381795	Yes	No	No	No	No	Having a Child	Coach Mentor	Yes	Yes	69.2475
female	4.75	4.166666666666667	1.6666666666666667	2	2	2.25	2	1.9230769230769231	4.666666666666667	4.666666666666667	5	3.888888888888889	Yes	No	No	No	No	Having a Child	Mgr. Mentor Internal	Yes	Yes	114
male	3.75	3.3333333333333335	3.3333333333333335	2.75	3.2	3.25	3.6	2.923076923076923	4	2.6666666666666665	3.4	2.6666666666666665	No	No	No	No	No	Having a Child	Peer Mentor Internal	Yes	Yes	58
female	5	4	2	1.765	1.2996666666666679	1.4208333333333332	2.2319999999999998	2.5864615384615384	2.580000000000002	3.2433333333333327	4.511200000000001	3.7892592592592593	Yes	No	No	No	No	Having a Child	Coach Mentor	Yes	Yes	66.00333333333334
female	5	5	1	1.353333333333333	1.1293333333333337	1.31	1.7506666666666666	2.756602564102564	2.4250000000000003	3.7176825396825395	4.764000000000001	4.215925925925927	Yes	No	No	No	No	Having a Child	Coach Mentor	Yes	Yes	65.70183333333334
female	3.4975	3.5354993894993907	3.0130808080808062	2.8975	2.461333333333333	2.380238095238095	2.865333333333334	2.688	4.124444444444445	2.9622222222222234	3.535266666666668	3.1332407407407405	No	No	No	No	No	Having a Child	Peer Mentor Internal	Yes	Yes	74.32
female	3.25	3.6666666666666665	4	3.181875	2.850000000000002	2.7515476190476194	2.837017543859651	2.8503846153846144	4.411388888888888	3.3655555555555554	3.446600000000002	3.145092592592594	No	No	No	No	No	Having a Child	No Mentor	Yes	Yes	83.77
female	3.4975	3.5354993894993907	3.0130808080808062	2.8975	2.461333333333333	2.380238095238095	2.865333333333334	2.688	4.124444444444445	2.9622222222222234	3.535266666666668	3.1332407407407405	No	No	No	No	No	Having a Child	Peer Mentor Internal	Yes	Yes	74.32
male	2.25	2	3.6666666666666665	3.005	2.858	2.8175	2.6546666666666674	2.866923076923075	4.433470418470419	3.1355555555555554	3.09	3.121666666666666	No	No	No	No	No	Having a Child	No Mentor	Yes	Yes	141.415
female	4	4	2.3333333333333335	2.25	1.2	1.75	3	3.6923076923076925	4	3	4.6	4.444444444444445	Yes	No	No	No	No	Having a Child	No Mentor	Yes	Yes	148
male	3.49	3.5171660561660576	3.010303030303029	2.875	2.4493333333333336	2.4477380952380954	2.8950000000000014	2.705692307692308	4.036666666666667	2.98888888888889	3.4772666666666687	3.0800925925925924	No	No	No	No	No	Having a Child	Peer Mentor Internal	Yes	Yes	78
male	5	5	1	1.75	1	1	2	2.6923076923076925	2	4	5	4.444444444444445	No	Yes	No	No	No	Having a Child	Coach Mentor	Yes	No	66.89916666666667
female	4.75	3.8333333333333335	1.3333333333333333	2.5	1	1	1.8	2.3846153846153846	1.6666666666666667	2.6666666666666665	5	3.888888888888889	No	No	No	No	No	Having a Child	Coach Mentor	Yes	No	16
female	4.182663043478261	4.030507922360865	2.006666666666667	1.5	1.4	1.75	2.2	3.230769230769231	1	2.3333333333333335	4	3.7777777777777777	Yes	No	No	No	No	Having a Child	Mgr. Mentor Internal	Yes	Yes	71
female	3.7869298245614034	3.8076904761904755	2.8973611111111097	2.75	1.4	1.75	3	3.076923076923077	3.6666666666666665	3	4.2	3	Yes	No	No	No	No	Having a Child	Peer Mentor Internal	Yes	Yes	53
female	3.25	4.333333333333333	3	3.25	3.8	2.5	2.8	2.769230769230769	5	2.6666666666666665	3.6	3.4444444444444446	No	No	No	No	No	Having a Child	No Mentor	Yes	No	40
female	3.9877631578947366	3.700833333333334	2.561111111111111	3.5	1.2	1.25	2.6	1.9230769230769231	3.6666666666666665	2.6666666666666665	3.6	2.888888888888889	No	No	No	No	No	Having a Child	Peer Mentor Internal	Yes	Yes	59.87299999999999
female	4.75	5	5	2.28	1.3966666666666665	1.6435	2.378	3.0968269230769225	3.273333333333333	4.080000000000001	4.380000000000001	3.92851851851852	Yes	No	No	No	No	Education	Peer Mentor External	Yes	No	230.62666666666667
male	3.5	3.3333333333333335	2	2.3441666666666667	1.9299999999999995	1.9861904761904763	2.473333333333335	2.745897435897435	3.117500000000001	3.2681818181818185	3.8118	3.579045584045586	No	No	No	No	No	Having a Child	Coach Mentor	Yes	Yes	63.244
female	5	5	1	1	1	1	1	1.9230769230769231	1	5	5	5	Yes	No	Yes	Yes	Yes	Partner Illness	Mgr. Mentor Internal	Yes	Yes	271
female	4.25	4.166666666666667	1.3333333333333333	1	1.6	1.25	1.8	2.076923076923077	2	2	3.4	3.3333333333333335	Yes	No	No	No	No	Elder Parent	Mgr. Mentor Internal	Yes	Yes	98.80000000000001
female	5	5	4.333333333333333	2.5	1	1.5	2	2.6923076923076925	6.333333333333333	5	4.8	3.7777777777777777	No	Yes	No	No	No	Having a Child	Mgr. Mentor Internal	Yes	Yes	188
female	4	4.166666666666667	2	1	1	1.5	1.2	3.076923076923077	2	2.3333333333333335	4.8	4	Yes	No	No	No	No	Having a Child	Coach Mentor	Yes	Yes	86
female	5	5	2.3333333333333335	1.5	1	1.75	1	1.3076923076923077	3.6666666666666665	4	5	3.3333333333333335	Yes	No	No	No	No	Having a Child	Mgr. Mentor Internal	Yes	Yes	73
female	5	4.833333333333333	2	2	2	2	2.4	3.1538461538461537	2	3.3333333333333335	5	4	Yes	No	Yes	Yes	No	Elder Parent	Mgr. Mentor Internal	Yes	No	187.78599999999997
male	3.25	3.3333333333333335	3.6666666666666665	3.190625	3.0653333333333332	2.9875	2.8956842105263148	3.005384615384614	4.379444444444443	3.115555555555556	3.0039285714285717	3.031860269360269	No	No	No	No	No	Having a Child	No Mentor	Yes	Yes	82.86966666666667
female	4	4	3	2.3575	1.4936666666666667	1.72	2.5560666666666667	2.910961538461537	3.6441666666666674	3.5611111111111096	4.3406	3.7855555555555553	Yes	No	No	No	No	Having a Child	Mgr. Mentor Internal	Yes	Yes	112.51333333333334
male	3.25	2.8333333333333335	1.6666666666666667	2.256	1.6380000000000008	1.6695238095238096	2.326	2.8512820512820514	3.053055555555556	3.073333333333332	3.678466666666667	3.6138888888888885	No	No	No	No	No	Having a Child	Peer Mentor Internal	Yes	Yes	96.80266666666667
female	3.94	3.895109427609427	3.5934444444444433	2.865	1.548	1.80125	2.471066666666666	2.787692307692308	3.7494444444444457	3.822	4.408599999999998	3.817407407407408	Yes	No	No	No	No	Having a Child	Mgr. Mentor Internal	No	No	124.14571428571429
female	5	5	2	1	1	1	1	2.4615384615384617	1	4	5	5	Yes	No	No	Yes	No	Having a Child	Coach Mentor	Yes	No	73
male	4	3.8333333333333335	3	1.25	1	1	1.2	2.3076923076923075	1	2.6666666666666665	4	4	No	No	No	No	No	Having a Child	Peer Mentor Internal	Yes	No	39
female	5	4	1.3333333333333333	1	1	1	1.8	2.1538461538461537	1.6666666666666667	3	5	3.888888888888889	No	No	No	No	No	Having a Child	Coach Mentor	Yes	No	107
female	5	3.6666666666666665	2.3333333333333335	1.25	2.4	1	2	1.7692307692307692	1.6666666666666667	1.6666666666666667	4	3.2222222222222223	Yes	No	No	No	No	Having a Child	Peer Mentor Internal	Yes	No	12
female	5	5	1	1	1	1	1	2.3846153846153846	1	2	4.8	4.444444444444445	No	No	No	Yes	No	Having a Child	Coach Mentor	Yes	No	46
female	3	4	3.3333333333333335	2.85775	1.9180000000000004	1.965	2.5521666666666665	2.7955472334682865	3.1533333333333338	3.5517777777777777	4.153	3.725000000000002	Yes	No	No	No	No	Having a Child	Coach Mentor	Yes	Yes	100.39
male	2.25	2.6666666666666665	3.3333333333333335	3.0715	2.8280000000000007	2.730833333333333	2.7900000000000005	2.8661538461538454	4.544126984126985	3.2188888888888894	3.1319999999999997	3.1255555555555565	No	No	No	No	No	Having a Child	No Mentor	Yes	Yes	125.85333333333334
female	5	4.833333333333333	1.6666666666666667	1.3725	1.1283333333333336	1.3375	1.8899999999999997	2.672051282051281	2.561666666666668	3.496166666666667	4.655500000000003	4.0055555555555555	Yes	No	No	No	No	Having a Child	Coach Mentor	Yes	Yes	71.03616666666667
female	4.16	4.130833333333332	2.0133333333333336	2.75	1	1.25	2	2.8461538461538463	2	2.3333333333333335	3.8	3.888888888888889	Yes	No	No	No	No	Partner Illness	Peer Mentor Internal	Yes	Yes	186
female	3.75	4	4.333333333333333	2.9525	1.4800000000000002	1.93375	2.5090666666666666	2.8407692307692303	4.089333333333334	3.923333333333332	4.416600000000001	3.6877777777777787	Yes	No	No	No	No	Having a Child	Mgr. Mentor Internal	Yes	Yes	158.17
male	4	3.3333333333333335	1.3333333333333333	2	1.8	1.5	1.2	3.5384615384615383	3	3.3333333333333335	3.2	4	No	No	No	No	No	Having a Child	Coach Mentor	Yes	Yes	41
male	4.5	3.3333333333333335	2	1.5	1.4	1.25	2.4	3.076923076923077	2.3333333333333335	3	4	3.7777777777777777	No	No	No	No	No	Education	Peer Mentor Internal	Yes	Yes	107.56066666666666
male	4	4	3.3333333333333335	3	2	1.75	1	2.8461538461538463	4.666666666666667	5	4.8	4	Yes	No	No	Yes	No	Having a Child	No Mentor	Yes	No	204.29
female	4	4.333333333333333	4.333333333333333	2.485	1.2806666666666673	1.56	2.5199999999999996	2.725495951417003	3.403232323232324	3.4299999999999993	4.076	3.6807407407407418	Yes	No	No	No	No	Having a Child	Peer Mentor Internal	Yes	Yes	136.254
female	4.28625	4.225833333333333	0	1.6075	1.2623333333333335	1.36	1.6940000000000006	2.5805979853479863	2.0066666666666664	3.576944444444444	4.477000000000002	4.1450000000000005	Yes	No	Yes	Yes	No	Having a Child	Mgr. Mentor Internal	No	No	226.46
male	5	5	1	1	1	1	2	2.923076923076923	2	5	5	4	No	No	No	No	No	Partner Illness	Peer Mentor Internal	Yes	Yes	170
female	4.25	3.6666666666666665	2	1.8144166666666666	1.308000000000001	1.3558333333333332	2.216333333333333	2.550769230769232	2.40638888888889	2.7741666666666664	3.964714285714286	3.624074074074074	Yes	No	No	No	No	Having a Child	Peer Mentor Internal	Yes	Yes	81.36
female	4.392291666666666	4.344333333333332	1.1337681159420285	1	1.1923333333333332	1.3725	1.6159999999999999	2.572239010989012	1.7533333333333336	3.6475	4.519000000000003	4.109259259259257	No	No	Yes	Yes	No	Having a Child	Mgr. Mentor Internal	No	No	370
female	5	3.6666666666666665	2.3333333333333335	1.5	1	1	2.2	2	2	1.6666666666666667	5	3.111111111111111	Yes	No	No	No	No	Having a Child	Coach Mentor	Yes	Yes	76.65333333333334
female	5	4.833333333333333	3.3333333333333335	1.5	1	1.5	2.2	3.4615384615384617	3	4.333333333333333	4.8	4.666666666666667	Yes	No	No	No	No	Having a Child	Coach Mentor	Yes	Yes	132.908
female	4.25	4.333333333333333	2	2.0366666666666666	1.4360000000000008	1.5913333333333333	2.238666666666667	3.036442307692308	2.4308333333333345	3.181111111111112	4.120000000000001	3.860185185185185	Yes	No	No	No	No	Education	Mgr. Mentor External	Yes	Yes	145.21066666666667
female	5	5	5	2.27	1.3706666666666667	1.626	2.3920000000000003	3.098108974358974	3.2808333333333333	4.159999999999999	4.3820000000000014	3.946666666666669	Yes	No	No	No	No	Education	Peer Mentor External	Yes	No	248.38666666666668
male	4.5	3.6666666666666665	1.3333333333333333	1.75	1	1	1.4	2.3076923076923075	1.6666666666666667	3.3333333333333335	5	4.222222222222222	No	Yes	No	No	No	Having a Child	Coach Mentor	Yes	No	23
male	3.75	3.5	4	3	3.4	3	3.4	3	5.333333333333333	3.3333333333333335	2.8	2.6666666666666665	No	No	No	No	No	Having a Child	No Mentor	Yes	Yes	94.17366666666666
female	5	4.833333333333333	1	1.3283333333333331	1.128533333333334	1.2325	1.5944166666666666	2.7691666666666657	2.360555555555556	3.7462081807081806	4.719500000000002	4.12925925925926	No	No	No	No	No	Having a Child	Coach Mentor	Yes	Yes	64.03583333333334
male	1	1	1	2.1885	1.5659999999999996	1.6111904761904763	2.3614000000000006	2.804230769230768	3.016666666666667	3.4899999999999993	3.9430000000000005	3.6747863247863273	No	No	No	No	No	Having a Child	Coach Mentor	Yes	Yes	106.084
female	4.75	3.5	3.3333333333333335	3	1.8	2	2.4	2.8461538461538463	3.3333333333333335	4.666666666666667	5	4.555555555555555	Yes	No	No	Yes	No	Elder Parent	Mgr. Mentor Internal	Yes	No	193.6
female	3.98375	3.9241666666666672	2.385833333333334	1.75	2.8	2.25	2.8	3.076923076923077	3	4	3.8	4.222222222222222	Yes	No	Yes	Yes	No	Education	Coach Mentor	Yes	Yes	279
female	4.25	4.5	3.6666666666666665	4.5	2.2	2.25	3.8	4.076923076923077	5.333333333333333	3.6666666666666665	3.8	3.888888888888889	No	No	No	No	No	Having a Child	Peer Mentor Internal	Yes	Yes	17
female	5	3.8333333333333335	2	1.75	1.4	2	2.4	1.5384615384615385	3	4.333333333333333	1.6	2.6666666666666665	Yes	No	No	No	No	Having a Child	Peer Mentor Internal	Yes	Yes	75
female	3.75	3.6666666666666665	3.3333333333333335	3.0625	2.259	2.187797619047619	2.8453333333333335	2.7683846153846154	4.863777777777779	3.814444444444444	4.238999999999997	3.3726851851851847	Yes	No	No	No	No	Having a Child	Mgr. Mentor Internal	Yes	Yes	114.45666666666666
female	3.5125	3.56938827838828	3.0980808080808075	3.03875	2.4413333333333336	2.3448809523809526	2.885333333333334	2.717230769230769	4.457777777777778	3.1188888888888884	3.537266666666669	3.1321296296296297	Yes	No	No	No	No	Having a Child	Peer Mentor Internal	Yes	Yes	86
female	4	4	2.3333333333333335	2.42	1.4383333333333344	1.6083333333333334	2.4586666666666672	2.9627115384615377	2.6522222222222234	3.122777777777777	4.0200000000000005	3.8314814814814833	Yes	No	No	No	No	Having a Child	Mgr. Mentor External	Yes	Yes	80.2
female	4	4	1	1.6808333333333334	1.4180000000000013	1.52	1.8450666666666675	2.8311538461538457	2.216666666666667	3.6011111111111105	4.347333333333334	3.9657407407407415	Yes	No	No	No	No	Having a Child	Mgr. Mentor Internal	Yes	Yes	107.1525
male	4	3.5	2.6666666666666665	2	1	1	2.2	1.5384615384615385	2.6666666666666665	4	4	2.7777777777777777	No	No	No	No	No	Having a Child	Coach Mentor	Yes	Yes	82.23633333333333
female	4.25	4.333333333333333	3	2.2066666666666666	1.3886666666666674	1.651	2.434	3.1097115384615392	3.0383333333333336	3.570000000000001	4.245	3.866296296296298	Yes	No	No	No	No	Education	Peer Mentor External	Yes	Yes	129.49599999999998
female	4.5	4.5	1.6666666666666667	1.5075	1.2014666666666673	1.4980000000000002	2.024	2.5506730769230765	2.3791666666666687	3.5653333333333332	4.563200000000002	3.8987037037037027	Yes	No	No	No	No	Having a Child	Coach Mentor	Yes	Yes	112.25
male	4.07875	3.5983333333333327	0	2	2	1.75	2	2.6923076923076925	3	4	4.2	3.4444444444444446	No	No	No	No	No	Having a Child	Coach Mentor	Yes	Yes	135
male	4.75	2.6666666666666665	3	2.1257142857142854	1.6070000000000007	1.6859821428571429	2.353666666666666	2.574615384615386	3.66	3.318181818181817	4.159866666666668	3.390064102564104	No	No	No	No	No	Having a Child	Coach Mentor	Yes	Yes	79.834
female	4	4	3	4.5	2.4	2	3.6	2.3846153846153846	6	3	4.8	3.7777777777777777	Yes	No	No	No	No	Having a Child	Peer Mentor Internal	Yes	Yes	152
male	3.5	2.8333333333333335	2.3333333333333335	2.5	2	2	2	2.8461538461538463	5	1.6666666666666667	3.2	1	No	No	No	No	No	Having a Child	No Mentor	Yes	No	37
female	4.06475	4.081892197840474	2.2633333333333328	3	1	1	2.2	2.6153846153846154	2.6666666666666665	4.666666666666667	4	4	Yes	No	No	No	No	Having a Child	Coach Mentor	Yes	Yes	44
female	3.94	3.895109427609427	3.5934444444444433	2.865	1.548	1.80125	2.471066666666666	2.787692307692308	3.7494444444444457	3.822	4.408599999999998	3.817407407407408	Yes	No	No	No	No	Having a Child	Mgr. Mentor Internal	No	No	124.14571428571429
male	4.5	3	1.6666666666666667	1.63975	1.2370000000000003	1.257857142857143	1.8659999999999999	2.3861538461538463	2.874166666666668	3.479848484848485	4.144666666666667	3.655397435897437	No	No	No	No	No	Having a Child	Coach Mentor	Yes	Yes	58.824
female	4	4	1.3333333333333333	2	1.4	1.5	1.8	2.769230769230769	2.3333333333333335	4	4.2	4.666666666666667	Yes	No	No	No	No	Education	Coach Mentor	Yes	Yes	77
female	4	4	2	2.20225	1.3753333333333344	1.5733333333333335	2.258666666666668	2.988557692307692	2.5400925925925937	3.062222222222222	3.9920000000000004	3.822592592592594	Yes	No	No	No	No	Having a Child	Mgr. Mentor External	Yes	Yes	79.23
female	4.25	3.8333333333333335	3.6666666666666665	2.177380952380952	1.4440000000000006	1.665	2.4530000000000003	2.8505769230769236	3.186111111111112	3.209999999999999	4.238999999999999	3.6314814814814826	Yes	No	No	No	No	Having a Child	Peer Mentor External	Yes	Yes	128.33
male	4	4	1	1	1	1	1	3.5384615384615383	1	4.333333333333333	4	4	No	No	No	No	No	Having a Child	Mgr. Mentor Internal	Yes	No	38
male	4	4	1.3333333333333333	1.75	1.6	1	1	2	2.3333333333333335	4.666666666666667	4	4	No	No	No	No	No	Having a Child	Coach Mentor	Yes	Yes	10
female	4.25	4.166666666666667	3.6666666666666665	2.2741666666666664	1.2560000000000011	1.465	2.504999999999998	2.614649797570851	3.283333333333335	3.071666666666665	4.041166666666667	3.5622222222222244	Yes	No	No	No	No	Having a Child	Peer Mentor Internal	Yes	Yes	113.36691666666667
female	4.65425	4.503333333333332	1.8632222222222223	1	1	1.5	1.8	2.4615384615384617	3.3333333333333335	4	5	3.888888888888889	Yes	No	No	No	No	Having a Child	Coach Mentor	Yes	Yes	52
male	4	4	2	2	1	1	1	3	2	3	4	4	Yes	No	Yes	Yes	No	Having a Child	Peer Mentor Internal	Yes	No	131.555
female	4.25	4.166666666666667	4.333333333333333	2.2775	1.3396666666666672	1.6925	2.465999999999999	2.8721474358974346	3.494814814814815	3.695111111111111	4.389	3.7696296296296303	Yes	No	No	No	No	Having a Child	Mgr. Mentor Internal	Yes	Yes	173.35958333333335
female	3.680972222222222	3.7095075757575775	3.3266666666666658	2.5	2.6	2.25	4	2.8876923076923084	5.666666666666667	3.8688888888888897	4.4	3.4134259259259268	Yes	No	No	No	No	Having a Child	Mgr. Mentor Internal	Yes	Yes	142.3375
female	4.090833333333333	4.101666666666668	2.5655555555555565	3	1.4	2.25	2.8	3.230769230769231	2.3333333333333335	4	4.4	4	Yes	No	No	No	No	Elder Parent	Peer Mentor Internal	Yes	Yes	127.54166666666666
female	4.179916666666667	4.189114420062695	1.9658333333333338	3.25	1	1	1.8	3	1.3333333333333333	3.3438888888888902	4.8	4.666666666666667	Yes	No	No	No	No	Having a Child	Coach Mentor	Yes	No	101
male	2.75	2.1666666666666665	2	3	2.6	2.5	2.8	2.8461538461538463	5.666666666666667	2.3333333333333335	3.2	3.2222222222222223	Yes	Yes	Yes	Yes	Yes	Education	No Mentor	Yes	Yes	430
female	4	3.8333333333333335	2	1	1	1	1	2.923076923076923	1.3333333333333333	4.666666666666667	4	3.7777777777777777	No	No	No	No	No	Having a Child	Mgr. Mentor Internal	Yes	No	85
female	4	4	2.3333333333333335	2.42	1.4383333333333344	1.6083333333333334	2.4586666666666672	2.9627115384615377	2.6522222222222234	3.122777777777777	4.0200000000000005	3.8314814814814833	Yes	No	No	No	No	Having a Child	Mgr. Mentor External	Yes	Yes	80.2
male	3.5	3	3.3333333333333335	3.75	3	3	3.4	3.230769230769231	4.333333333333333	3.6666666666666665	3	3.4444444444444446	No	No	No	No	No	Having a Child	No Mentor	Yes	Yes	36
male	4.25	3.8333333333333335	2	2.25	5	5	3.4	2.3076923076923075	2.6666666666666665	3	4	2.5555555555555554	No	No	No	No	No	Having a Child	Peer Mentor Internal	Yes	Yes	172.26416666666665
male	3	3	3.6666666666666665	3.5	2.8	4	2.6	3.230769230769231	3.6666666666666665	3	2.6	2.7777777777777777	Yes	Yes	Yes	No	No	Having a Child	No Mentor	Yes	No	66
male	4.5	4.333333333333333	1.3333333333333333	1.5	1	1	1	1	1	2.3333333333333335	3.6	5	No	No	No	No	No	Having a Child	Peer Mentor Internal	Yes	No	10
female	4	4	2	2.18725	1.3813333333333344	1.5733333333333335	2.268666666666668	2.9816346153846154	2.5600925925925937	3.060555555555556	3.9920000000000004	3.822592592592594	Yes	No	No	No	No	Having a Child	Mgr. Mentor External	Yes	Yes	79.23
female	3.75	3.3333333333333335	2.3333333333333335	2.735416666666666	1.8730000000000007	1.8719642857142855	2.6433333333333353	2.7114615384615375	3.774166666666667	3.396666666666665	4.2105	3.421759259259259	Yes	No	No	No	No	Having a Child	Mgr. Mentor Internal	Yes	Yes	81.5
male	4	2.5	2	1.8525	1.2790000000000008	1.2903571428571428	2.064	2.6038461538461535	2.7577777777777794	3.5540151515151517	3.8854666666666673	3.5870085470085495	No	No	No	No	No	Having a Child	Coach Mentor	Yes	Yes	75.42566666666667
female	4.75	4.833333333333333	1	2	1	1	1	2.3076923076923075	1	5	3.8	4	No	No	No	No	No	Having a Child	Coach Mentor	Yes	No	15
female	3.25	4	3.6666666666666665	2.9325	2.142	2.208333333333333	2.615999999999999	2.878461538461538	4.21111111111111	3.726666666666665	4.153999999999999	3.5731481481481473	Yes	No	No	No	No	Having a Child	Mgr. Mentor Internal	Yes	Yes	128.54
female	4.25	4.333333333333333	2	2.0366666666666666	1.4360000000000008	1.5913333333333333	2.238666666666667	3.036442307692308	2.4308333333333345	3.181111111111112	4.120000000000001	3.860185185185185	Yes	No	No	No	No	Education	Mgr. Mentor External	Yes	Yes	145.21066666666667
male	3	3.5	3.6666666666666665	3.1515	2.9613333333333345	2.9825	2.6396842105263163	2.967307692307691	4.083787878787878	3.060000000000001	3.009928571428572	3.052777777777779	No	No	No	No	No	Having a Child	No Mentor	Yes	Yes	83.48966666666666
male	3	3	3.084469696969697	3.0715	2.9933333333333336	2.9775	2.638000000000001	2.963846153846153	4.443787878787878	3.1388888888888893	3.0071666666666665	3.0401010101010097	No	No	No	No	No	Having a Child	No Mentor	Yes	Yes	79.52633333333333
female	4.75	4.333333333333333	1	2	1.2	1.25	1.6	2.230769230769231	2.3333333333333335	4	5	4	No	No	No	No	No	Having a Child	Coach Mentor	Yes	Yes	30
male	4	3.5	3	2.5	1	1	2	3.4615384615384617	6	5	3.2	4	No	No	No	No	No	Having a Child	No Mentor	Yes	Yes	295
female	4	4.333333333333333	4	2.53	1.262266666666667	1.545	2.589999999999999	2.632854925775979	3.4032323232323245	3.253333333333332	3.986666666666667	3.613333333333336	Yes	No	No	No	No	Having a Child	Peer Mentor Internal	Yes	Yes	115.75399999999999
female	4.2	4.147500000000002	1.983333333333334	1.5	2.2	2.25	2.2	3.923076923076923	2	4	4.4	4.666666666666667	Yes	No	No	Yes	No	Having a Child	Mgr. Mentor Internal	Yes	Yes	141
female	4	3.8333333333333335	2.3333333333333335	2.1357142857142857	1.4083333333333343	1.57	2.4830000000000014	2.7676153846153846	2.824444444444446	3.163333333333333	4.2241	3.6788603988603996	Yes	No	No	No	No	Having a Child	Mgr. Mentor Internal	Yes	Yes	79.955
female	5	4	1	2	1	1	2	2.769230769230769	1	3.6666666666666665	5	4	No	No	No	No	No	Having a Child	Coach Mentor	Yes	No	48
female	2.86	3.563194444444446	3.3418253968253953	3.5	2.116	2.311547619047619	2.567333333333333	2.774666666666667	3.583333333333333	3.3956666666666653	4.007999999999999	3.5007407407407425	Yes	No	No	No	No	Having a Child	Coach Mentor	Yes	Yes	101.58
male	4.25	4.5	2	2.5	2.2	2	2.2	3.8461538461538463	3.6666666666666665	3.6666666666666665	4.2	3.888888888888889	No	No	No	No	No	Education	Peer Mentor External	Yes	No	86
female	3.75	4.166666666666667	3.6666666666666665	2.925	1.4650000000000003	1.82625	2.473066666666665	2.8782051282051277	3.8721111111111117	3.68111111111111	4.3286	3.8177777777777804	Yes	No	No	No	No	Having a Child	Mgr. Mentor Internal	Yes	Yes	133.44
female	4	4	2	2.18725	1.3813333333333344	1.5733333333333335	2.268666666666668	2.9816346153846154	2.5600925925925937	3.060555555555556	3.9920000000000004	3.822592592592594	Yes	No	No	No	No	Having a Child	Mgr. Mentor External	Yes	Yes	79.23
male	4	4	3.3333333333333335	3.25	1.6	2	2.8	2.6923076923076925	5.333333333333333	3.3333333333333335	3.8	3.3333333333333335	No	No	No	Yes	No	Having a Child	Peer Mentor Internal	Yes	Yes	24
male	4	4	3.3333333333333335	2	2	2	2.2	3.3076923076923075	5.666666666666667	3.3333333333333335	4	4	No	No	No	No	No	Having a Child	No Mentor	Yes	Yes	210
male	4.25	4.333333333333333	4.666666666666667	1	1	1	1	2.4615384615384617	1	3.6666666666666665	3.4	5	No	No	No	No	No	Having a Child	Peer Mentor Internal	Yes	No	155
female	4	4	2.3333333333333335	2.42	1.4383333333333344	1.6083333333333334	2.4586666666666672	2.9627115384615377	2.6522222222222234	3.122777777777777	4.0200000000000005	3.8314814814814833	Yes	No	No	No	No	Having a Child	Mgr. Mentor External	Yes	Yes	80.2
female	4	3.8333333333333335	3.3333333333333335	2	1	1.5	2.6	2.4615384615384617	2.3333333333333335	3	5	3.6666666666666665	Yes	No	No	No	No	Having a Child	Coach Mentor	Yes	Yes	105.84666666666666
male	5	5	2	1	2	2	3.4	3.769230769230769	2.6666666666666665	4	4	3.888888888888889	No	No	No	No	No	Education	Peer Mentor Internal	Yes	Yes	1507
female	5	5	1	3	2	2	3	2.4615384615384617	5.666666666666667	5	3.8	3.7777777777777777	Yes	No	No	No	No	Having a Child	Peer Mentor Internal	Yes	Yes	67
female	2.5	2.5	4.666666666666667	2.5	1	1	3.4	2	4.333333333333333	3.3333333333333335	4.6	3.5555555555555554	Yes	No	Yes	No	No	Having a Child	No Mentor	Yes	Yes	227.145
male	4	3	2.6666666666666665	2.5	2.5356666666666667	2.4428571428571426	3.4	1.7692307692307692	4.333333333333333	4.333333333333333	3.6	2.6666666666666665	No	No	No	No	No	Having a Child	Mgr. Mentor External	Yes	Yes	35
male	4	3.5	2	2	1	1	2	1.9230769230769231	2.3333333333333335	1.6666666666666667	3.6	2.4444444444444446	No	No	No	No	No	Having a Child	Peer Mentor Internal	Yes	Yes	37
female	5	4.166666666666667	1.3333333333333333	1.5	1	1.25	1.4	2.4615384615384617	2	3	4.6	4.111111111111111	No	No	No	No	No	Having a Child	Coach Mentor	Yes	No	39
male	4.5	3.5	1	1.673	1.195866666666667	1.1674404761904762	1.6726666666666663	2.490961538461538	2.472222222222224	3.496666666666666	4.271333333333332	3.7822863247863263	No	No	No	No	No	Having a Child	Coach Mentor	Yes	Yes	52.25150000000001
female	4	3.8333333333333335	2	2	1.4	1.5	2.8	2.8461538461538463	2.3333333333333335	3	4	3.4444444444444446	Yes	No	No	No	No	Having a Child	Coach Mentor	Yes	Yes	68.28666666666666
male	3.25	3.5	1.3333333333333333	2.281	1.525666666666667	1.5736904761904762	2.1217333333333332	2.860897435897436	2.756666666666669	3.405555555555557	3.888666666666667	3.825897435897437	No	No	No	No	No	Having a Child	Coach Mentor	Yes	Yes	86.124
female	4	4.333333333333333	4	2.53	1.262266666666667	1.545	2.589999999999999	2.632854925775979	3.4032323232323245	3.253333333333332	3.986666666666667	3.613333333333336	Yes	No	No	No	No	Having a Child	Peer Mentor Internal	Yes	Yes	115.75399999999999
female	3.68	3.8186212121212146	2.2699999999999996	2.75	2.2	2.25	2.2	2.769230769230769	2.3333333333333335	2.3333333333333335	4	3.888888888888889	Yes	No	No	No	No	Having a Child	Coach Mentor	Yes	Yes	64
female	4	4	2	2.18725	1.3813333333333344	1.5733333333333335	2.268666666666668	2.9816346153846154	2.5600925925925937	3.060555555555556	3.9920000000000004	3.822592592592594	Yes	No	No	No	No	Having a Child	Mgr. Mentor External	Yes	Yes	79.23
female	4	4	4	2.45	1.3810000000000004	1.71	2.554066666666666	2.6884615384615382	4.029055555555557	3.5244444444444416	4.295999999999999	3.592222222222221	Yes	No	No	No	No	Having a Child	Mgr. Mentor Internal	Yes	Yes	109.39
female	4.75	3.8333333333333335	1.3333333333333333	1	3	3	2.4	1.5384615384615385	4.333333333333333	2.6666666666666665	3.8	2.4444444444444446	No	No	No	No	No	Education	Peer Mentor External	Yes	Yes	10
female	4.092663043478261	3.9710984848484854	2.2386363636363624	2	2	2	2.6	2.4615384615384617	2	2.3333333333333335	3.4	4	Yes	No	No	No	No	Having a Child	Peer Mentor Internal	Yes	Yes	71.98
male	3.5	3.3333333333333335	4	3.1283749999999997	3.054	2.930833333333333	2.8443508771929826	2.896153846153845	4.583293650793649	3.395555555555555	3.076428571428571	3.107314814814817	No	No	No	No	No	Having a Child	No Mentor	Yes	Yes	71.868
female	4	4	2	2.18725	1.3813333333333344	1.5733333333333335	2.268666666666668	2.9816346153846154	2.5600925925925937	3.060555555555556	3.9920000000000004	3.822592592592594	Yes	No	No	No	No	Having a Child	Mgr. Mentor External	Yes	Yes	79.23
male	1	1.1666666666666667	3.151999999999999	3.019375	2.769000000000001	2.6633333333333336	2.566000000000001	2.7853846153846145	4.401565656565656	3.1155555555555554	3.1658000000000017	3.115	No	No	No	No	No	Having a Child	No Mentor	Yes	Yes	111.855
female	4.5	4	2	1.74	1.3846666666666676	1.4980000000000002	2.008	2.768878205128206	1.9233333333333327	3.465	4.538666666666669	4.027037037037038	Yes	No	No	Yes	No	Having a Child	Mgr. Mentor Internal	No	No	181.045
male	3.75	3.8333333333333335	3.3333333333333335	2.25	1.8	2	2.4	3.3846153846153846	5.333333333333333	3.6666666666666665	4	4	No	No	No	No	No	Having a Child	No Mentor	Yes	Yes	135
male	2.75	3.8333333333333335	2.6666666666666665	3.5	1.8	2.25	2.6	2.1538461538461537	4.666666666666667	3.6666666666666665	4	2.7777777777777777	No	No	Yes	No	No	Having a Child	No Mentor	Yes	No	136
male	4.5	3.6666666666666665	4.333333333333333	2.1069642857142856	1.3130000000000006	1.5125	2.2049999999999987	2.756923076923078	3.3155555555555547	3.5415151515151506	4.054666666666668	3.6345085470085485	No	No	No	No	No	Having a Child	Peer Mentor Internal	Yes	Yes	112.96066666666665
female	4.5	4.166666666666667	4.333333333333333	2.2075	1.347666666666667	1.72	2.4159999999999986	2.7911858974358967	3.474814814814816	3.8251111111111107	4.425000000000001	3.797407407407408	Yes	No	No	No	No	Having a Child	Mgr. Mentor Internal	Yes	Yes	168.76958333333334
female	4.25	3.8333333333333335	4	2.326964285714286	1.4966666666666664	1.685833333333333	2.406	2.758685897435898	3.299814814814817	3.7597777777777774	4.380999999999999	3.8155270655270654	Yes	No	No	No	No	Having a Child	Mgr. Mentor Internal	No	No	138.7557142857143
female	5	5	1	2	1	1	2	2.5384615384615383	1.6666666666666667	2	4	4.222222222222222	Yes	No	No	No	No	Education	Peer Mentor Internal	Yes	No	110.2925
female	4.20625	4.065518476621417	1.6799999999999997	1	1	1	1.8	3.076923076923077	1.6666666666666667	3	3.8	3.3333333333333335	Yes	Yes	No	No	No	Having a Child	Peer Mentor Internal	Yes	No	44
female	4.455	4.476666666666665	1.4149999999999998	1	1.152666666666667	1.285	1	2.6530769230769238	1	3.6666666666666665	4.573200000000002	4.111111111111111	No	No	Yes	Yes	No	Having a Child	Mgr. Mentor Internal	Yes	Yes	212
female	4	4.333333333333333	2	2.22125	1.4059333333333344	1.5883333333333334	2.4006666666666674	2.9635576923076927	2.6275000000000004	3.1227777777777788	4.006000000000001	3.8474074074074083	Yes	No	No	No	No	Having a Child	Mgr. Mentor External	Yes	Yes	89.45399999999998
male	3.4875	3.528333333333336	2.440777777777778	2.5	2.2	2.5	2.4	2.8461538461538463	2.3333333333333335	3.3333333333333335	3.8	4	No	No	No	No	No	Having a Child	Coach Mentor	Yes	Yes	56
male	4	3.8333333333333335	2.6666666666666665	2.25	1.6	2	2.2	2.3076923076923075	3.6666666666666665	3.6666666666666665	4.4	4.222222222222222	No	No	No	No	No	Education	Peer Mentor External	No	No	93
male	4	4	2	1	1	1	1.4	1.9230769230769231	1	5	5	4.666666666666667	No	No	No	No	No	Having a Child	Mgr. Mentor Internal	No	No	100
female	4	3.6666666666666665	2	1.5	2.4	2	3.2	3.3846153846153846	2.6666666666666665	4	4.2	3.888888888888889	Yes	No	No	No	No	Having a Child	Mgr. Mentor Internal	Yes	Yes	60
male	3.5	4	4	4	3.4	3.75	2	2.076923076923077	4	3	3	2.5555555555555554	No	No	No	No	No	Education	No Mentor	Yes	Yes	88
male	3.25	2.3333333333333335	2	2	1.6	1.5	2	3.5384615384615383	2	4.666666666666667	3.6	3.7777777777777777	No	No	No	No	No	Having a Child	Coach Mentor	Yes	Yes	200
female	4.213333333333333	3.9553632478632488	1.5151666666666657	1.75	1	1	1.6	2.6923076923076925	2	2	4	3.5555555555555554	Yes	No	No	No	No	Elder Parent	Coach Mentor	Yes	No	39
female	4	4.166666666666667	2	2.17625	1.380333333333334	1.5858333333333334	2.3246666666666673	2.9435576923076923	2.5945370370370373	3.0494444444444446	4.007999999999999	3.7696296296296317	Yes	No	No	No	No	Having a Child	Mgr. Mentor External	Yes	Yes	84.86399999999999
male	4	3.6666666666666665	4	2.5	2	1.5	2	2.923076923076923	4	3.3333333333333335	4	3.111111111111111	No	Yes	No	Yes	No	Having a Child	No Mentor	Yes	Yes	105
female	4.75	4	1.6666666666666667	1.25	1	1	1.4	2.3076923076923075	1.6666666666666667	3.6666666666666665	4.2	4.111111111111111	No	No	Yes	Yes	No	Having a Child	Coach Mentor	Yes	No	38
female	3.4975	3.5354993894993907	3.0130808080808062	2.8975	2.461333333333333	2.380238095238095	2.865333333333334	2.688	4.124444444444445	2.9622222222222234	3.535266666666668	3.1332407407407405	No	No	No	No	No	Having a Child	Peer Mentor Internal	Yes	Yes	74.32
female	3.75	3.1666666666666665	4	3.5	1.8	2.5	2.4	2.8461538461538463	6	3.3333333333333335	4.4	3.4444444444444446	Yes	No	No	No	No	Having a Child	Mgr. Mentor Internal	Yes	Yes	143.2975
female	4	4	4	3	1.2	2	2.6	2.1538461538461537	7	5	4.8	3.3333333333333335	Yes	No	No	No	No	Partner Illness	Mgr. Mentor Internal	Yes	Yes	65
female	4	4	2	1	1	1	1	2.8461538461538463	1	2.6666666666666665	4	4	No	No	No	No	No	Having a Child	Peer Mentor Internal	Yes	No	472
female	4	4	2	2.18725	1.3813333333333344	1.5733333333333335	2.268666666666668	2.9816346153846154	2.5600925925925937	3.060555555555556	3.9920000000000004	3.822592592592594	Yes	No	No	No	No	Having a Child	Mgr. Mentor External	Yes	Yes	79.23
female	4.106263157894737	3.9966111111111116	2.390555555555555	3	1.492000000000001	1.54875	3.2	2.1538461538461537	3.6666666666666665	2.6666666666666665	4.038	4.222222222222222	Yes	No	No	No	No	Having a Child	Peer Mentor Internal	Yes	Yes	53
female	4	4.166666666666667	4.333333333333333	2.4975	1.3613333333333337	1.6225	2.5339999999999994	2.6912651821862346	3.3098989898989903	3.2499999999999982	4.050666666666666	3.671851851851853	Yes	No	No	No	No	Having a Child	Peer Mentor Internal	Yes	Yes	115.53025
female	2	4.666666666666667	2	2.5	1.2	1.75	3.4	2.3846153846153846	3.6666666666666665	3.3333333333333335	5	4	Yes	No	No	No	No	Having a Child	Coach Mentor	Yes	Yes	56
female	4	4	1	1	2	1.5	1.8	3.1538461538461537	3	3.6666666666666665	5	4	Yes	No	Yes	Yes	No	Having a Child	Mgr. Mentor Internal	Yes	Yes	123.11083333333332
female	4	4.333333333333333	4.333333333333333	2.485	1.2806666666666673	1.56	2.5199999999999996	2.725495951417003	3.403232323232324	3.4299999999999993	4.076	3.6807407407407418	Yes	No	No	No	No	Having a Child	Peer Mentor Internal	Yes	Yes	136.254
male	3	2.8333333333333335	3	3	2.4	2.25	2.8	2.6153846153846154	3.3333333333333335	3	2.6	2.888888888888889	Yes	Yes	Yes	Yes	No	Having a Child	Peer Mentor Internal	Yes	Yes	82
female	5	5	3	2.295	1.4506666666666665	1.645	2.4240000000000013	3.1865705128205133	2.9983333333333344	3.986666666666667	4.435000000000001	3.94777777777778	Yes	No	No	No	No	Education	Peer Mentor External	Yes	Yes	214.26666666666668
female	4.22625	3.83435185185185	3.3462499999999995	2.2832142857142856	1.474666666666667	1.62	2.4790000000000005	2.834423076923077	3.0361111111111114	3.205555555555555	4.210999999999999	3.649629629629632	Yes	No	No	No	No	Having a Child	Peer Mentor External	Yes	Yes	117.58
male	5	4	1	2	2	2	2	1.0769230769230769	2.3333333333333335	5	3.8	4	No	No	No	No	No	Having a Child	Peer Mentor Internal	Yes	No	8
female	2.665625	3.73896296296296	3.3894444444444427	3.104166666666666	1.8873333333333333	1.995297619047619	2.5773333333333337	2.749201079622133	3.293333333333333	3.437333333333333	3.997999999999999	3.527592592592593	Yes	No	No	No	No	Having a Child	Coach Mentor	Yes	Yes	102.49
female	4.5	4.333333333333333	2	1.7633333333333334	1.3834666666666675	1.5105000000000002	2.172	2.635288461538463	2.4991666666666688	3.6119999999999988	4.500000000000003	3.8448148148148142	Yes	No	No	No	No	Having a Child	Mgr. Mentor Internal	Yes	Yes	117.245
female	4	3.6666666666666665	3.3333333333333335	2.4923809523809526	1.6400000000000006	1.755	2.59	2.764615384615384	3.792010101010102	3.4233333333333316	4.274999999999999	3.4820085470085473	Yes	No	No	No	No	Having a Child	Mgr. Mentor Internal	Yes	Yes	99.3
female	4.306829710144927	4.121148148148148	2.065833333333334	1.75	2	2	2.4	3.3076923076923075	2	3	4.8	3.7777777777777777	Yes	No	No	No	No	Having a Child	Mgr. Mentor Internal	Yes	No	116.53190476190478
female	4	3.6666666666666665	1	1.8883333333333334	1.4260000000000008	1.493125	2.066000000000002	2.802692307692307	2.2522222222222226	3.4851111111111113	4.329999999999999	3.960527065527069	Yes	No	No	No	No	Having a Child	Coach Mentor	Yes	Yes	77.5975
male	3.25	3.5	3	3.0996249999999996	3.029	2.831666666666666	2.9236842105263157	2.9730769230769227	4.701349206349204	3.2133333333333343	3.1204285714285716	3.11564814814815	No	No	No	No	No	Having a Child	No Mentor	Yes	Yes	79.08883333333333
female	4.25	4.5	2.3333333333333335	2.1025	1.3878000000000004	1.616125	2.34	2.8694230769230775	2.4000000000000012	3.6266666666666665	4.434000000000003	3.847407407407408	Yes	No	No	No	No	Having a Child	Mgr. Mentor Internal	Yes	Yes	133.86333333333334
female	2.75	3.8333333333333335	3.6666666666666665	3.0716666666666663	1.8573333333333335	1.9983333333333335	2.594833333333333	2.7661241565452097	3.306666666666666	3.410666666666666	4.043	3.557592592592594	Yes	No	No	No	No	Having a Child	Coach Mentor	Yes	Yes	102.27
female	4.2725	4.077499999999998	1.5329347826086956	2	1.4	1	1.8	2.769230769230769	2	2.6666666666666665	4.2	4.333333333333333	Yes	No	No	No	No	Elder Parent	Mgr. Mentor Internal	Yes	No	107
female	5	5	1	1	1	1	1	3.3846153846153846	1	4.333333333333333	5	5	No	No	Yes	Yes	No	Having a Child	Mgr. Mentor Internal	Yes	Yes	275
male	4	4	1	1.8117857142857141	1.1125333333333336	1.2125	1.6079666666666674	2.6666941391941394	1.832333333333334	3.4672222222222224	4.309300000000002	4.124166666666668	No	No	No	No	No	Having a Child	Coach Mentor	No	No	75.60083333333334
female	3.9325	4.066666666666666	2.880000000000001	3	2.2	1.5	2.8	3.6153846153846154	5	4.333333333333333	4.6	4.888888888888889	Yes	No	No	Yes	No	Education	No Mentor	Yes	No	261
female	4	4	1	2.25	1	1	2.4	3.076923076923077	1.6666666666666667	3	3	3.7777777777777777	No	No	No	No	No	Having a Child	Peer Mentor Internal	Yes	No	89
female	3.75	3.1666666666666665	5	4	3	2.5	2.8	2.6153846153846154	7	5	5	3.111111111111111	Yes	No	No	No	No	Having a Child	Mgr. Mentor Internal	Yes	Yes	340
male	4	3.3333333333333335	2.6666666666666665	2.4148809523809525	1.5723333333333336	1.6384821428571428	2.3859999999999992	2.633846153846154	3.4683333333333324	3.50151515151515	3.9856666666666665	3.4044159544159553	No	No	No	No	No	Having a Child	Coach Mentor	Yes	Yes	73.16066666666667
male	3.5	4.166666666666667	2.6666666666666665	2.25	2.2	2	2	3.6923076923076925	5.333333333333333	5	3.2	3.6666666666666665	No	No	No	No	No	Having a Child	No Mentor	Yes	Yes	275
male	4	4	2	2.5	1	1.25	1.6	3.230769230769231	5	4.333333333333333	5	4.111111111111111	No	No	No	No	No	Having a Child	No Mentor	Yes	No	202
female	4.25	4.333333333333333	3.3333333333333335	2.5	1.2	1.5	2.4	3.923076923076923	4	4.333333333333333	5	3.888888888888889	No	No	No	No	No	Having a Child	No Mentor	Yes	Yes	292
female	4	4	3	1.75	1	1.75	2.8	2.5384615384615383	6	3	4.4	3	Yes	No	No	No	No	Having a Child	Peer Mentor Internal	Yes	Yes	70
female	3	3.1666666666666665	3	2.25	3.6	1.5	2	3.769230769230769	4.333333333333333	5	3.6	2.5555555555555554	No	No	No	No	No	Having a Child	No Mentor	Yes	Yes	60
female	4	3	3.3333333333333335	1.5	1	1.25	2	3.3076923076923075	2.6666666666666665	4	4.8	4.666666666666667	Yes	No	No	No	No	Education	Coach Mentor	Yes	Yes	150.2875
male	4	4	2	2	1.4	1	1.2	3	1	3	4	4	Yes	Yes	No	No	No	Having a Child	Peer Mentor Internal	Yes	No	50
male	3.25	3.1666666666666665	3.54808080808081	3.138125	3.055333333333333	2.9675	2.8416842105263154	3.0269230769230755	4.399444444444444	3.1055555555555556	2.9885	3.038526936026936	No	No	No	No	No	Having a Child	No Mentor	Yes	Yes	84.6596666666667
male	3.5	3.3333333333333335	2	3.5	3.2	3.25	2.6	3	5.333333333333333	3.3333333333333335	3.2	3.2222222222222223	No	No	No	No	No	Having a Child	No Mentor	Yes	Yes	79.38216666666668
female	4.154166666666667	4.050935143288085	1.8266666666666667	1.5	1	1	1.6	2.769230769230769	2	2	3.2	3.5555555555555554	Yes	No	No	Yes	No	Education	Peer Mentor Internal	Yes	Yes	44
male	4	4	2	2	1	1	2	2.5384615384615383	1	2	3.8	4	No	No	No	No	No	Education	Peer Mentor Internal	Yes	No	29
female	4.2642500000000005	3.9788374421386603	1.6202777777777777	2	1	1	1.6	2.076923076923077	2	3.3333333333333335	4	3.3333333333333335	Yes	No	No	Yes	No	Having a Child	Coach Mentor	Yes	No	60.26
female	5	5	1	1.353333333333333	1.1293333333333337	1.31	1.7506666666666666	2.756602564102564	2.4250000000000003	3.7176825396825395	4.764000000000001	4.215925925925927	Yes	No	No	No	No	Having a Child	Coach Mentor	Yes	Yes	65.70183333333334
female	3.75	4	3.3333333333333335	2.89	1.5560000000000005	1.86625	2.535066666666666	2.8576923076923073	3.9218333333333346	3.7099999999999995	4.3225999999999996	3.692222222222222	Yes	No	No	No	No	Having a Child	Mgr. Mentor Internal	Yes	Yes	133.58
female	4	3.8333333333333335	2	1.915297619047619	1.3493333333333346	1.493958333333333	2.367166666666668	2.7938461538461534	2.470833333333335	3.081777777777778	4.317333333333334	3.6879344729344763	Yes	No	No	No	No	Having a Child	Coach Mentor	Yes	Yes	72.18166666666666
female	4	4	2	2.20225	1.3753333333333344	1.5733333333333335	2.258666666666668	2.988557692307692	2.5400925925925937	3.062222222222222	3.9920000000000004	3.822592592592594	Yes	No	No	No	No	Having a Child	Mgr. Mentor External	Yes	Yes	79.23
male	5	5	1	1	1.2	1	1	3.076923076923077	2	5	5	4.111111111111111	No	No	No	No	No	Having a Child	Peer Mentor Internal	Yes	No	59
male	4.5	3.1666666666666665	1.3333333333333333	1.675	1.2186666666666672	1.247857142857143	1.8560000000000008	2.553076923076923	2.6888888888888913	3.483333333333333	4.210666666666667	3.7279900284900305	No	No	No	No	No	Having a Child	Coach Mentor	Yes	Yes	61.437333333333335
male	4	4	2	2	1	1	1.8	2.6153846153846154	2	3.3333333333333335	4	4	No	No	Yes	Yes	No	Having a Child	Peer Mentor Internal	Yes	No	143
female	4	4	2	2.18725	1.3813333333333344	1.5733333333333335	2.268666666666668	2.9816346153846154	2.5600925925925937	3.060555555555556	3.9920000000000004	3.822592592592594	Yes	No	No	No	No	Having a Child	Mgr. Mentor External	Yes	Yes	79.23
female	3.75	3.5	2	1.25	1	1	1	3.6153846153846154	3.6666666666666665	2.6666666666666665	4.2	3.6666666666666665	No	No	No	No	No	Having a Child	Peer Mentor Internal	Yes	Yes	115
female	4.21875	4.072228535353535	2.632500000000001	2	1.5580000000000005	1.6675	2.3	2.9404807692307697	2.8511111111111105	3.804444444444445	4.378000000000002	3.9185185185185185	Yes	No	Yes	Yes	No	Elder Parent	Mgr. Mentor Internal	Yes	Yes	220
female	4.334791666666666	4.061100995953936	1.490434782608696	1	1.1226666666666674	1.2225	1.6299999999999992	2.6034615384615383	2.3763888888888904	3.333333333333333	4.537500000000002	3.84962962962963	Yes	No	No	No	No	Having a Child	Coach Mentor	Yes	Yes	56
male	3.7441666666666666	3.5844047619047625	3.364074074074075	3.75	1	1.5	2.2	3.1538461538461537	3.3333333333333335	3.3333333333333335	4	3.6666666666666665	No	No	No	No	No	Having a Child	Coach Mentor	Yes	Yes	105.354
male	4	3.5	4	2.4790476190476194	1.5723333333333336	1.7084821428571428	2.351999999999999	2.703461538461538	3.568888888888888	3.494848484848483	4.0166666666666675	3.447008547008548	No	No	No	No	No	Having a Child	Coach Mentor	Yes	Yes	83.77066666666666
male	4.5	3.5	4.333333333333333	2.062797619047619	1.322333333333334	1.4678571428571427	2.2089999999999987	2.7538461538461543	3.151388888888889	3.4981818181818176	4.084666666666667	3.647101139601142	No	No	No	No	No	Having a Child	Peer Mentor Internal	Yes	Yes	113.914
male	4.75	4	2.3333333333333335	2	2	2	1	4	4	4	4	3.7777777777777777	No	No	No	No	No	Having a Child	No Mentor	Yes	Yes	256
female	3.75	4	3.6666666666666665	2.895	1.452000000000001	1.715	2.5185666666666653	2.9058164642375175	3.118333333333334	3.5244444444444447	4.241666666666667	3.8409259259259265	Yes	No	No	No	No	Having a Child	Coach Mentor	Yes	Yes	121.96
female	4.605	4.614222222222221	1.2992156862745097	1	1	1	1	3.769230769230769	2.6666666666666665	3.6666666666666665	5	5	No	No	No	No	No	Having a Child	Peer Mentor External	Yes	Yes	95
female	5	4	2	1.765	1.2996666666666679	1.4208333333333332	2.2319999999999998	2.5864615384615384	2.580000000000002	3.2433333333333327	4.511200000000001	3.7892592592592593	Yes	No	No	No	No	Having a Child	Coach Mentor	Yes	Yes	66.00333333333334
female	4.221	4.197902298850575	2.3766666666666656	3.75	1	1	2.8	2.1538461538461537	3.3333333333333335	5	4.6	4.111111111111111	Yes	No	No	No	No	Having a Child	Coach Mentor	Yes	Yes	0
male	3.776666666666667	3.7616666666666676	2.709999999999998	3	1.2	1.75	2.8	3	2.6666666666666665	4	3.8	4.777777777777778	No	No	No	No	No	Having a Child	Coach Mentor	Yes	Yes	99.904
female	3.5	3.5	4	2.25	2.4	3.75	3	2.1538461538461537	4	2.3333333333333335	2	3	No	No	No	No	No	Having a Child	Mgr. Mentor External	Yes	Yes	29
female	4	4	2	2	2.2	2	3	2.8461538461538463	3.3333333333333335	5	5	3.6666666666666665	Yes	No	No	Yes	No	Having a Child	Mgr. Mentor Internal	Yes	No	86
female	4	4	2	2.18725	1.3813333333333344	1.5733333333333335	2.268666666666668	2.9816346153846154	2.5600925925925937	3.060555555555556	3.9920000000000004	3.822592592592594	Yes	No	No	No	No	Having a Child	Mgr. Mentor External	Yes	Yes	79.23
female	4.41925	4.122068965517241	1.4202777777777778	2	1.0660000000000003	1.1644047619047617	1.6	2.4615384615384617	2	4	4.481	3.5555555555555554	Yes	No	No	No	No	Having a Child	Coach Mentor	Yes	No	48
female	3.75	3.8333333333333335	3.6666666666666665	3.02	1.9350000000000003	2.095833333333333	2.6359999999999997	2.8638461538461524	4.56711111111111	3.8099999999999996	4.326999999999998	3.573333333333335	Yes	No	No	No	No	Having a Child	Mgr. Mentor Internal	Yes	Yes	137.64
female	5	3.5	1	1	1	1	1.2	4.384615384615385	1	4	5	5	No	No	No	No	No	Having a Child	Mgr. Mentor Internal	Yes	Yes	148
male	3	3	3	3.08875	3.0193333333333334	2.935	2.2520000000000007	2.98	4.169105339105339	3.1733333333333333	3.054499999999999	3.0682491582491576	No	No	No	No	No	Having a Child	No Mentor	Yes	Yes	72.76633333333334
male	4.25	4	2.3333333333333335	1.75	2	2	2.8	2.923076923076923	3.6666666666666665	3.6666666666666665	3.6	3.7777777777777777	No	No	No	No	No	Having a Child	Peer Mentor Internal	Yes	Yes	174
female	4.25	4.333333333333333	4.666666666666667	2.37	1.3316666666666672	1.63	2.52	2.8734935897435894	3.4333333333333327	4.040666666666666	4.397000000000002	3.854629629629631	Yes	No	No	No	No	Elder Parent	Mgr. Mentor Internal	Yes	Yes	198.8033333333333
female	5	5	2	1.5	1.2	1.75	1.8	3.3076923076923075	3	2.3333333333333335	4	3.5555555555555554	No	No	No	Yes	No	Education	Mgr. Mentor External	Yes	Yes	103
female	4.394166666666666	4.283333333333332	1.5593333333333335	2	1.2	1.75	2	2.4615384615384617	1.3333333333333333	4	4.8	4.111111111111111	Yes	No	No	No	No	Having a Child	Mgr. Mentor Internal	Yes	No	111.07400000000001
female	5	4.5	3	2.22	1.3526666666666673	1.665	2.388	3.1849038461538464	3.165000000000002	3.6966666666666668	4.270000000000001	3.8751851851851877	Yes	No	No	No	No	Education	Peer Mentor External	Yes	Yes	141.98333333333332
female	4.08625	3.6774166666666654	2.5991666666666675	2.25	3.6	1.25	2.4	2.1538461538461537	5	2.3333333333333335	4	2.888888888888889	No	No	No	No	No	Having a Child	Peer Mentor Internal	Yes	Yes	19
male	2.75	3.6666666666666665	3	3.25	2.6	3.5	3	3.076923076923077	3.3333333333333335	3	3.4	3.2222222222222223	No	No	No	No	No	Having a Child	Peer Mentor Internal	Yes	No	8
female	3.67	3.676174242424243	3.338444444444444	3.5	2.298000000000001	2.236547619047619	2.6	2.5384615384615383	6	4.666666666666667	4.2	3.111111111111111	Yes	No	No	No	No	Having a Child	Mgr. Mentor Internal	No	Yes	133.13416666666666
female	3.6225	3.6132692307692302	3.011111111111111	2.75	2.8	2.75	3	2.230769230769231	3.6666666666666665	4	3.6	3.2222222222222223	Yes	No	No	No	No	Having a Child	No Mentor	Yes	Yes	56
female	4	4	2.3333333333333335	3.75	2.8	3.25	2.2	2.8461538461538463	5	5	4.8	3.2222222222222223	Yes	No	No	Yes	No	Having a Child	No Mentor	Yes	Yes	175.855
female	5	3.8333333333333335	2	3	2	1.5	2.4	3.1538461538461537	3	2.6666666666666665	4	3.4444444444444446	Yes	No	No	Yes	No	Elder Parent	Mgr. Mentor Internal	No	Yes	157.93166666666667
female	4	4	2	1.85	1.194666666666667	1.32	1.8490666666666677	2.6992307692307698	1.7906666666666666	3.4708888888888896	4.287533333333334	3.935185185185185	Yes	No	No	No	No	Having a Child	Mgr. Mentor Internal	No	No	104.6557142857143
female	4.5	4.666666666666667	2.6666666666666665	2.34	1.4046666666666672	1.6215000000000002	2.404000000000001	3.0891346153846153	2.823333333333334	3.6666666666666687	4.2570000000000014	3.9413888888888895	Yes	No	No	No	No	Education	Peer Mentor External	Yes	Yes	149.2783333333333
male	4.5	4.333333333333333	2.3333333333333335	2	1.2600000000000002	1.2910714285714286	1	1	1	4.333333333333333	4.232666666666669	3.6666666666666665	No	No	No	No	No	Having a Child	Mgr. Mentor Internal	Yes	No	142
male	3.5	3.5	2	2.361666666666667	1.9239999999999993	1.9861904761904763	2.4633333333333347	2.7466666666666653	3.040833333333335	3.2581818181818187	3.8498	3.600156695156697	No	No	No	No	No	Having a Child	Coach Mentor	Yes	Yes	63.873999999999995
female	4.5	2.3333333333333335	3.3333333333333335	1.75	2.6	2	1.8	3.230769230769231	5.666666666666667	4.333333333333333	3.4	4.111111111111111	No	No	No	No	No	Having a Child	No Mentor	Yes	Yes	213
female	4	4	2.3333333333333335	2.42	1.4383333333333344	1.6083333333333334	2.4586666666666672	2.9627115384615377	2.6522222222222234	3.122777777777777	4.0200000000000005	3.8314814814814833	Yes	No	No	No	No	Having a Child	Mgr. Mentor External	Yes	Yes	80.2
male	4	4	1	1.8117857142857141	1.1125333333333336	1.2125	1.6079666666666674	2.6666941391941394	1.832333333333334	3.4672222222222224	4.309300000000002	4.124166666666668	No	No	No	No	No	Having a Child	Coach Mentor	No	No	75.60083333333334
female	5	5	2	1.6475	1.3456666666666675	1.485	2.1060000000000003	2.6730769230769234	2.6983333333333337	3.6308333333333334	4.532000000000002	3.8381481481481488	Yes	No	No	No	No	Having a Child	Mgr. Mentor Internal	Yes	Yes	106.34833333333334
female	1.75	3.5	3.6666666666666665	3.104166666666666	1.8873333333333333	2.028154761904762	2.5813333333333333	2.74774358974359	3.526666666666665	3.3573333333333317	4.0440000000000005	3.5898148148148157	Yes	No	No	No	No	Having a Child	Coach Mentor	Yes	Yes	99.26
female	4	4	2	2	1	1	1	2.5384615384615383	1	3	4	3.6666666666666665	No	No	No	No	No	Having a Child	Peer Mentor Internal	Yes	No	34
female	5	5	2.3333333333333335	3.5	1	1.25	2.6	2.8461538461538463	2	4	4	3.4444444444444446	Yes	No	No	No	No	Having a Child	Peer Mentor Internal	Yes	Yes	129.65666666666667
female	4	4.166666666666667	4	2.495	1.3193333333333341	1.6075	2.5959999999999983	2.587470310391364	3.3865656565656574	3.0766666666666653	3.981666666666667	3.5300000000000016	Yes	No	No	No	No	Having a Child	Peer Mentor Internal	Yes	Yes	99.72025
male	3.25	3.1666666666666665	3.6666666666666665	3.163125	3.055333333333333	2.9675	2.8436842105263156	3.0269230769230755	4.409444444444444	3.1055555555555556	2.9904999999999995	3.039638047138047	No	No	No	No	No	Having a Child	No Mentor	Yes	Yes	84.81966666666669
female	4	3.8333333333333335	1.3333333333333333	2.25	1	1.25	2	2.6923076923076925	3	2.6666666666666665	4	3.888888888888889	Yes	Yes	No	No	No	Having a Child	Mgr. Mentor Internal	Yes	Yes	66
female	5	5	1	1.353333333333333	1.1293333333333337	1.31	1.7506666666666666	2.756602564102564	2.4250000000000003	3.7176825396825395	4.764000000000001	4.215925925925927	No	No	No	No	No	Having a Child	Coach Mentor	Yes	Yes	65.70183333333334
female	3.5	4	2.6666666666666665	2.880416666666666	1.9180000000000001	1.92625	2.5773333333333337	2.8745384615384615	3.3125	3.1167777777777785	3.8846666666666674	3.5331481481481495	Yes	No	No	No	No	Having a Child	Mgr. Mentor External	Yes	Yes	84.405
male	5	5	2.6666666666666665	2.5	1	1.25	2.8	2.6153846153846154	3	3.6666666666666665	3.4	3.7777777777777777	Yes	No	Yes	Yes	No	Education	Peer Mentor Internal	Yes	Yes	186.91
female	3.4975	3.5354993894993907	3.0130808080808062	2.8975	2.461333333333333	2.380238095238095	2.865333333333334	2.688	4.124444444444445	2.9622222222222234	3.535266666666668	3.1332407407407405	No	No	No	No	No	Having a Child	Peer Mentor Internal	Yes	Yes	74.32
female	5	4.5	2	3.25	2	2.75	2.6	1.9230769230769231	5.666666666666667	4.666666666666667	3.6	3.888888888888889	No	No	No	No	No	Having a Child	Peer Mentor Internal	Yes	Yes	38
male	4	4	1	1.8117857142857141	1.1125333333333336	1.2125	1.6079666666666674	2.6666941391941394	1.832333333333334	3.4672222222222224	4.309300000000002	4.124166666666668	No	No	No	No	No	Having a Child	Coach Mentor	No	No	75.60083333333334
female	4.256513157894736	3.663666666666667	2.535	1.5	1.4	1	3.6	1.0769230769230769	5.333333333333333	3	3.2	1.8888888888888888	No	No	No	No	No	Having a Child	Peer Mentor Internal	Yes	No	48
male	4	2.6666666666666665	3	2.4423809523809523	1.6450000000000002	1.6934821428571427	2.421999999999999	2.7334615384615386	3.53	3.33151515151515	3.9366666666666674	3.4181196581196587	No	No	No	No	No	Having a Child	Coach Mentor	Yes	Yes	81.16066666666667
female	4.25	3.8333333333333335	3	2.1598809523809526	1.458666666666667	1.6375	2.4670000000000005	2.9349999999999996	3.037222222222222	3.2555555555555555	4.1949999999999985	3.670000000000002	Yes	No	No	No	No	Having a Child	Peer Mentor External	Yes	Yes	102.36
male	3.25	3.1666666666666665	3.6666666666666665	3	3.6	2.75	3	3.230769230769231	4.333333333333333	3	3	3.3333333333333335	No	No	No	No	No	Having a Child	No Mentor	Yes	Yes	140
female	4	4.5	1.3333333333333333	1.695	1.2526666666666673	1.43	1.8250666666666673	2.6684615384615373	2.2733333333333348	3.5	4.3332000000000015	4.006666666666666	Yes	No	No	No	No	Having a Child	Mgr. Mentor Internal	Yes	Yes	99.63
male	3.5	3.6666666666666665	3.6666666666666665	3.074	2.832666666666667	2.692083333333333	2.641017543859649	2.906153846153846	4.088510101010102	3.2766666666666655	3.3262285714285724	3.1362037037037056	No	No	No	No	No	Having a Child	No Mentor	Yes	Yes	73.158
male	3	3	3	3.08875	3.0193333333333334	2.935	2.2520000000000007	2.98	4.169105339105339	3.1733333333333333	3.054499999999999	3.0682491582491576	No	No	No	No	No	Having a Child	No Mentor	Yes	Yes	72.76633333333334
female	5	5	2.3333333333333335	1.75	1.2	1.25	2.2	2.076923076923077	2	2.3333333333333335	3.6	2.5555555555555554	Yes	Yes	No	No	No	Having a Child	Peer Mentor Internal	Yes	Yes	143
male	4	3.3333333333333335	4.333333333333333	2.619047619047619	1.7723333333333344	1.8028571428571427	2.580000000000001	2.715	3.669343434343434	3.3433333333333333	3.786666666666668	3.41	No	No	No	No	No	Having a Child	Coach Mentor	Yes	Yes	95.97666666666667
female	3	3.5	2.6666666666666665	3.25	1	1	2.2	3.076923076923077	2.6666666666666665	2	4	4.222222222222222	No	No	No	Yes	No	Having a Child	Coach Mentor	Yes	Yes	60
female	4.288913043478261	4.084999999999999	1.9850000000000005	1.75	1.2	1.5	3	2.6923076923076925	3	3	4.8	3.888888888888889	No	Yes	No	No	No	Having a Child	Coach Mentor	Yes	Yes	21
female	4	4	2	1.94	1.5090000000000012	1.635625	2.3190666666666675	2.884903846153847	2.2163888888888907	3.5072222222222225	4.289933333333335	3.9046296296296306	Yes	No	No	No	No	Having a Child	Mgr. Mentor Internal	Yes	Yes	99.155
female	4.194166666666667	4.004259259259257	1.7766666666666675	2	1	1	2.2	2.769230769230769	1.6666666666666667	2.6666666666666665	4	3.888888888888889	Yes	No	No	No	No	Having a Child	Peer Mentor Internal	Yes	No	54
female	4	4	2	2.18725	1.3813333333333344	1.5733333333333335	2.268666666666668	2.9816346153846154	2.5600925925925937	3.060555555555556	3.9920000000000004	3.822592592592594	Yes	No	No	No	No	Having a Child	Mgr. Mentor External	Yes	Yes	79.23
male	3	2.3333333333333335	3	2.5	2.2	2.25	3	2.8461538461538463	4.333333333333333	3	2.8	2.5555555555555554	Yes	No	No	No	No	Having a Child	No Mentor	Yes	Yes	80
female	4.25	4	1	1.5158333333333334	1.2274666666666674	1.4205	1.836666666666667	2.730288461538462	2.2156666666666673	3.3225	4.450000000000001	3.924629629629629	Yes	No	No	No	No	Having a Child	Mgr. Mentor Internal	Yes	Yes	106.28333333333335
female	3.965166666666667	3.9910732323232323	2.0033333333333334	3	1	1	2.4	3.5384615384615383	2.6666666666666665	2.6666666666666665	4	4	Yes	No	No	No	No	Having a Child	Peer Mentor Internal	Yes	Yes	48
female	4.5	4.5	1.3333333333333333	1.3825	1.103333333333334	1.3205	1.7833333333333332	2.6092307692307686	2.4550000000000023	3.538666666666666	4.5995000000000035	4.041481481481481	No	No	No	No	No	Having a Child	Coach Mentor	Yes	Yes	69.0975
male	3	3.6666666666666665	3	3.75	3	3	3	3	4	3	3	3	No	No	No	No	No	Having a Child	No Mentor	Yes	Yes	81.38383333333334
male	3.25	2.6666666666666665	3	2.9156666666666666	2.621000000000001	2.6298214285714283	2.6573333333333347	2.802820512820513	3.5522222222222215	3.2498484848484845	3.4720000000000018	3.4277777777777785	No	No	No	No	No	Having a Child	Coach Mentor	No	No	80.904
female	4.75	4.666666666666667	2	3	1.2	1	2.4	1.5384615384615385	2.3333333333333335	3.6666666666666665	4	3.3333333333333335	Yes	No	No	No	No	Having a Child	Peer Mentor Internal	Yes	Yes	90.61
female	4	4.666666666666667	2.3333333333333335	3.5	1.4	1.75	2	3.230769230769231	2	3	4	3.853333333333336	Yes	No	No	No	No	Partner Illness	Mgr. Mentor External	Yes	Yes	111.43833333333332
male	4.5	3.6666666666666665	4.333333333333333	2.1069642857142856	1.3130000000000006	1.5125	2.2049999999999987	2.756923076923078	3.3155555555555547	3.5415151515151506	4.054666666666668	3.6345085470085485	No	No	No	No	No	Having a Child	Peer Mentor Internal	Yes	Yes	112.96066666666665
male	5	5	3	1.25	1.4	1	1	3.230769230769231	3.6666666666666665	4.333333333333333	5	4.777777777777778	No	No	No	No	No	Having a Child	Peer Mentor External	Yes	No	55
male	4	3.5	4.666666666666667	1	2.2	1.75	2.6	2.6153846153846154	1.3333333333333333	2	3.6	3.6666666666666665	No	No	No	No	No	Having a Child	Peer Mentor Internal	Yes	Yes	139
male	4	4	1	3.5	1	1	1	3.4615384615384617	6	5	4	3.111111111111111	No	Yes	No	No	No	Having a Child	No Mentor	Yes	Yes	172
female	4.25	4.333333333333333	4	2.2541666666666664	1.3386666666666676	1.6885	2.430999999999999	3.0057692307692303	3.4138888888888896	3.6506666666666674	4.205000000000001	3.8629629629629654	Yes	No	No	No	No	Education	Peer Mentor External	Yes	Yes	140.82266666666666
female	4	3.8333333333333335	2.3333333333333335	2.1782142857142857	1.468333333333334	1.55	2.481000000000001	2.753	2.901111111111112	3.2300000000000004	4.184499999999999	3.5883048433048437	Yes	No	No	No	No	Having a Child	Mgr. Mentor Internal	Yes	Yes	73.935
male	3.75	3.5	3.6666666666666665	2.984	2.6169999999999987	2.6065476190476193	2.7026666666666674	2.8873076923076924	4.2942777777777765	3.4322222222222236	3.6816666666666684	3.203425925925926	No	No	No	No	No	Having a Child	No Mentor	Yes	Yes	77.87800000000001
male	3	3.1666666666666665	3	3	3	3	3	3	5	3	3	3	No	No	No	No	No	Having a Child	No Mentor	Yes	Yes	86
male	3.5	3.1666666666666665	3.6666666666666665	3.178375	3.095	2.9433333333333334	2.9443508771929823	2.972307692307691	4.599960317460316	3.268888888888888	3.0484999999999998	3.1034259259259263	No	No	No	No	No	Having a Child	No Mentor	Yes	Yes	74.498
female	3.94	3.895109427609427	3.5934444444444433	2.865	1.548	1.80125	2.471066666666666	2.787692307692308	3.7494444444444457	3.822	4.408599999999998	3.817407407407408	Yes	No	No	No	No	Having a Child	Mgr. Mentor Internal	No	No	124.14571428571429
male	4.5	4.166666666666667	2	2	1	1.25	1.4	1.9230769230769231	4	4.333333333333333	5	4.111111111111111	No	No	No	No	No	Education	Peer Mentor Internal	Yes	No	28
male	3	2.6666666666666665	4	2.75	3.8	4	3.4	3.230769230769231	3.6666666666666665	3	2.4	2.888888888888889	Yes	No	Yes	No	Yes	Having a Child	No Mentor	Yes	No	944
male	4	4	2	4	2	1	1.6	2.6153846153846154	6	4.666666666666667	4	2.5555555555555554	No	No	No	No	No	Having a Child	Mgr. Mentor Internal	Yes	Yes	30
female	3.73	3.765693473193473	3.572380952380953	2.9935416666666663	2.343000000000001	2.302083333333333	2.909684210526316	2.9230769230769234	4.767111111111113	4.281010101010102	4.253666666666664	3.5323148148148165	Yes	No	No	No	No	Having a Child	Mgr. Mentor Internal	Yes	Yes	180
female	4	3.8333333333333335	2	4	4.6	4.5	2.8	1.9230769230769231	7	4.333333333333333	5	1.3333333333333333	No	Yes	No	Yes	No	Elder Parent	No Mentor	Yes	Yes	187
female	4.75	4.5	1	1	2.2	2.5	2	3.4615384615384617	1.6666666666666667	3.6666666666666665	4.8	4.333333333333333	Yes	No	No	No	No	Having a Child	Mgr. Mentor Internal	Yes	No	27
female	5	4	2	1.765	1.2996666666666679	1.4208333333333332	2.2319999999999998	2.5864615384615384	2.580000000000002	3.2433333333333327	4.511200000000001	3.7892592592592593	Yes	No	No	No	No	Having a Child	Coach Mentor	Yes	Yes	66.00333333333334
male	4.548500000000001	4.486166666666667	1.3458823529411765	1	1.4	1	1.4	4	2.6666666666666665	4.666666666666667	5	4.888888888888889	No	No	No	No	No	Having a Child	Mgr. Mentor Internal	Yes	Yes	124.58916666666666
female	4.2	4.1916666666666655	2.4200000000000004	3.25	1.4	1.5	2	2.923076923076923	2.3333333333333335	3	4.4	4.444444444444445	Yes	No	No	Yes	No	Elder Parent	Peer Mentor Internal	Yes	Yes	210
female	4	3.6666666666666665	3.3333333333333335	2.4923809523809526	1.6400000000000006	1.755	2.59	2.764615384615384	3.792010101010102	3.4233333333333316	4.274999999999999	3.4820085470085473	Yes	No	No	No	No	Having a Child	Mgr. Mentor Internal	Yes	Yes	99.3
female	2.665625	3.73896296296296	3.3894444444444427	3.104166666666666	1.8873333333333333	1.995297619047619	2.5773333333333337	2.749201079622133	3.293333333333333	3.437333333333333	3.997999999999999	3.527592592592593	Yes	No	No	No	No	Having a Child	Coach Mentor	Yes	Yes	102.49
male	5	4	1	1	1	1	1.6	2.4615384615384617	2	2.6666666666666665	4	4	No	No	No	No	No	Having a Child	Peer Mentor Internal	Yes	No	38
female	3.5425	3.599443473193474	3.4822222222222208	3.0985416666666663	2.4210000000000007	2.452797619047619	2.871684210526318	2.8311538461538457	4.761111111111111	3.844444444444446	3.9955999999999974	3.3045370370370377	Yes	No	No	No	No	Having a Child	Mgr. Mentor Internal	Yes	Yes	125.94666666666666
male	4	4	1	1.8117857142857141	1.1125333333333336	1.2125	1.6079666666666674	2.6666941391941394	1.832333333333334	3.4672222222222224	4.309300000000002	4.124166666666668	No	No	No	No	No	Having a Child	Coach Mentor	No	No	75.60083333333334
female	5	5	1.6666666666666667	1	1.203666666666667	1.29625	1.590666666666666	2.497435897435898	2.6738888888888885	3.621722222222223	4.649500000000001	3.873888888888888	No	No	No	No	No	Having a Child	Mgr. Mentor Internal	Yes	Yes	25
male	3	3	3	3	3	3	1	3	4	3	3	3	No	No	No	No	No	Having a Child	No Mentor	Yes	Yes	65
male	3.5	3.3333333333333335	2.6666666666666665	2.884	2.8849999999999993	2.7125	2.7453508771929824	2.775897435897436	4.411944444444443	3.2800000000000007	3.3412285714285725	3.163981481481484	No	No	No	No	No	Having a Child	No Mentor	Yes	Yes	45.593333333333334
female	4.2425	3.8808716512245933	2.4083333333333337	1	1	1	3	3.1538461538461537	2.6666666666666665	2.3333333333333335	3.4	3.2222222222222223	Yes	No	No	Yes	No	Education	Coach Mentor	Yes	Yes	68
female	3.75	4.166666666666667	4	3.75	1.2	1.75	2.2	2.3846153846153846	4	3.3333333333333335	4.2	3.888888888888889	Yes	No	No	No	No	Having a Child	No Mentor	Yes	Yes	122.485
female	4.5	4.166666666666667	1	1.46375	1.1518666666666675	1.2041666666666666	1.6193333333333322	2.579807692307691	2.342777777777779	3.4019999999999992	4.623500000000002	3.978055555555556	No	No	No	No	No	Having a Child	Coach Mentor	Yes	Yes	53.79083333333334
female	2.75	4	4	2.974166666666666	1.8360000000000003	2.015	2.5708333333333324	2.735816464237517	3.3266666666666675	3.5117777777777763	4.061	3.7331481481481488	Yes	No	No	No	No	Having a Child	Coach Mentor	Yes	Yes	109.72
female	4.25	4.666666666666667	4.333333333333333	2	1	1.5	2.6	3	3	4.333333333333333	4	3.6666666666666665	Yes	No	No	No	No	Education	Peer Mentor Internal	Yes	No	205.89333333333335
male	4	3.3333333333333335	2	3.75	3.6	3.25	4	2.230769230769231	5.333333333333333	5	3.6	3.2222222222222223	No	No	No	No	No	Education	No Mentor	Yes	Yes	32
male	4	3.8333333333333335	2	2	1	1	1	2.076923076923077	1	3.6666666666666665	4	3.888888888888889	No	No	No	No	No	Having a Child	Peer Mentor Internal	Yes	No	91.63178571428573
male	5	4	1	1	1	1	1	2.769230769230769	1	4	5	4.777777777777778	No	No	No	No	No	Having a Child	Coach Mentor	No	No	57
female	3	3.6666666666666665	3.6666666666666665	3	2.8	3	2.4	2.8461538461538463	1.6666666666666667	2.6666666666666665	2.8	3.111111111111111	No	No	No	No	No	Having a Child	Peer Mentor Internal	Yes	No	66.275
female	4.25	4	1	2.25	1	1	1.4	2.3846153846153846	2	3.6666666666666665	4.2	3.4444444444444446	No	No	No	No	No	Having a Child	Coach Mentor	Yes	No	40
male	3.75	3.3333333333333335	3.3733333333333335	3.0077499999999997	2.8549999999999995	2.650297619047619	2.876684210526317	2.819999999999999	4.322277777777777	3.518888888888889	3.520666666666668	3.1317592592592622	No	No	No	No	No	Having a Child	No Mentor	Yes	Yes	74.07333333333335
female	4	4.166666666666667	1	2.25	2.8	1.25	1.2	1.7692307692307692	3	1.6666666666666667	3.4	3.111111111111111	Yes	Yes	No	No	No	Having a Child	Peer Mentor Internal	Yes	Yes	13
female	5	5	1	1	1	1	1	4	2.3333333333333335	4	5	5	Yes	No	No	No	No	Having a Child	Peer Mentor External	Yes	Yes	62
female	4	4	1.6666666666666667	2.5	2	2	3	2.4615384615384617	3	4	5	4	Yes	No	No	No	No	Having a Child	Coach Mentor	Yes	Yes	57
female	5	3.6666666666666665	2.3333333333333335	2.25	2.4	1.5	2.6	2.4615384615384617	4	2.6666666666666665	4.8	2.888888888888889	Yes	No	No	No	No	Having a Child	Peer Mentor Internal	Yes	Yes	97
female	4.1869499999999995	4.009555555555554	2.440000000000002	2	2.2	3.25	1.6	2.923076923076923	5.333333333333333	4.666666666666667	5	3.6666666666666665	No	No	No	No	No	Education	No Mentor	Yes	Yes	290
male	4	3.3333333333333335	2.6666666666666665	2.25	1.8	1.5	2.2	2.3076923076923075	3.3333333333333335	4.333333333333333	4.2	2.888888888888889	No	No	No	No	No	Having a Child	Coach Mentor	Yes	Yes	15
male	3.204886363636364	3.30788827838828	3.1634141414141403	2.9852499999999997	3.0136666666666674	2.805833333333333	2.8006842105263168	2.8579487179487177	4.229999999999999	3.312222222222222	3.3042285714285726	3.1872222222222244	No	No	No	No	No	Having a Child	No Mentor	Yes	Yes	13
male	2.5	3.5	3.3333333333333335	3.1165	2.7773333333333348	2.704583333333334	2.5683508771929824	2.841923076923075	4.057121212121212	3.0733333333333337	3.2144285714285723	3.0827777777777796	No	No	No	No	No	Having a Child	No Mentor	Yes	Yes	85.95333333333333
female	4	4	2	2.18725	1.3813333333333344	1.5733333333333335	2.268666666666668	2.9816346153846154	2.5600925925925937	3.060555555555556	3.9920000000000004	3.822592592592594	Yes	No	No	No	No	Having a Child	Mgr. Mentor External	Yes	Yes	79.23
female	3.4975	3.5354993894993907	3.0130808080808062	2.8975	2.461333333333333	2.380238095238095	2.865333333333334	2.688	4.124444444444445	2.9622222222222234	3.535266666666668	3.1332407407407405	No	No	No	No	No	Having a Child	Peer Mentor Internal	Yes	Yes	74.32
female	4	4.166666666666667	1	1.7775	1.0995333333333333	1.1391666666666667	1.5953000000000006	2.6259615384615387	1.8173333333333337	3.422222222222223	4.337300000000003	4.098611111111114	No	No	No	No	No	Having a Child	Coach Mentor	Yes	No	74.79083333333334
male	5	4.5	1	1.25	1	1	3	2.4615384615384617	1.6666666666666667	3.6666666666666665	5	4.555555555555555	No	No	No	No	No	Having a Child	Peer Mentor Internal	Yes	No	50
female	5	4.833333333333333	1.3333333333333333	1.75	2.2	2	2.2	2.923076923076923	2.6666666666666665	4.333333333333333	4.2	3.5555555555555554	Yes	No	No	No	No	Education	Peer Mentor External	Yes	Yes	127
female	3.75	3.6666666666666665	1.6666666666666667	2.325	1.6200000000000008	1.6275	2.459333333333334	2.795	2.939722222222223	3.2266666666666657	4.163099999999999	3.6308974358974377	Yes	No	No	No	No	Having a Child	Mgr. Mentor Internal	Yes	Yes	95.845
female	4.5	4.333333333333333	1.3333333333333333	1.465	1.1273333333333342	1.2391666666666667	1.7153333333333323	2.5299999999999994	2.442777777777779	3.335333333333332	4.673500000000002	3.9887962962962944	No	No	No	No	No	Having a Child	Coach Mentor	Yes	Yes	56.09733333333334
female	4.234166666666667	4.001647264500206	2.120000000000001	2.75	1	1	2.4	2.3846153846153846	2	2	3.8	3.3333333333333335	Yes	No	No	No	No	Having a Child	Peer Mentor External	Yes	Yes	71.58533333333332
female	3.94	3.895109427609427	3.5934444444444433	2.865	1.548	1.80125	2.471066666666666	2.787692307692308	3.7494444444444457	3.822	4.408599999999998	3.817407407407408	Yes	No	No	No	No	Having a Child	Mgr. Mentor Internal	No	No	124.14571428571429
male	4	4	2	1	1.4	1.25	2	2.3846153846153846	3	5	4	3.2222222222222223	No	No	No	No	No	Having a Child	Mgr. Mentor Internal	Yes	Yes	72
male	4.5	3	2.3333333333333335	1.795	1.3200000000000005	1.3678571428571429	2.035999999999999	2.3838461538461533	2.9833333333333325	3.419015151515152	4.070666666666666	3.442434472934473	No	No	No	No	No	Having a Child	Coach Mentor	Yes	Yes	79.134
female	4.25	4	3.3333333333333335	2.3441666666666667	1.445666666666667	1.6425	2.4450000000000007	2.8464615384615386	3.1602777777777793	3.1466666666666647	4.072666666666668	3.6555555555555594	Yes	No	No	No	No	Having a Child	Peer Mentor External	Yes	Yes	108.2
female	4.361875	3.7474999999999996	2.3518333333333334	2	2	2	2.2	1.8461538461538463	6	5	4	2.888888888888889	No	No	No	No	No	Having a Child	Peer Mentor Internal	Yes	Yes	0
female	4	4.666666666666667	1.6666666666666667	1.75	2	2	2.4	2	2.6666666666666665	3.6666666666666665	3.6	3.4444444444444446	Yes	No	No	No	No	Having a Child	Coach Mentor	Yes	Yes	130
female	4	4.166666666666667	1	2	1.8	2.25	2	2.769230769230769	1	3.3333333333333335	4.6	4	Yes	No	No	No	No	Having a Child	Coach Mentor	Yes	Yes	46
female	3.945	3.8600808080808076	2.4261111111111116	2.25	1.2	2	4	2.5384615384615383	2	2.6666666666666665	3.6	3.7777777777777777	No	No	No	No	No	Elder Parent	Peer Mentor Internal	Yes	Yes	59
female	4	3.5	2.3333333333333335	3	1.8	1	3	2.923076923076923	1.6666666666666667	3.6666666666666665	3.8	4.111111111111111	No	No	No	No	No	Having a Child	Coach Mentor	Yes	No	130
female	4	4	2	2.18725	1.3813333333333344	1.5733333333333335	2.268666666666668	2.9816346153846154	2.5600925925925937	3.060555555555556	3.9920000000000004	3.822592592592594	Yes	No	No	No	No	Having a Child	Mgr. Mentor External	Yes	Yes	79.23
female	4	3.6666666666666665	2	1.8727500000000001	1.3040000000000007	1.3458333333333332	2.221333333333334	2.572307692307693	2.315277777777778	2.757499999999999	3.9627142857142856	3.7014814814814825	Yes	No	No	No	No	Having a Child	Peer Mentor Internal	Yes	Yes	68.51
female	5	4.166666666666667	1.6666666666666667	2	1	1	2.4	1.7692307692307692	3.3333333333333335	2.6666666666666665	4.2	3.888888888888889	Yes	No	No	No	No	Having a Child	Peer Mentor Internal	Yes	No	52
female	4.75	3.6666666666666665	3.6666666666666665	2.1473809523809524	1.5580000000000007	1.7	2.4329999999999994	2.830192307692307	3.3527777777777783	3.2466666666666644	4.23	3.5827777777777783	Yes	No	No	No	No	Having a Child	Peer Mentor External	Yes	Yes	122.22333333333334
male	4.5	2.6666666666666665	1	1.6522857142857144	1.306666666666667	1.3378571428571429	1.8220000000000007	2.5324999999999993	2.7555555555555564	3.5511111111111116	4.172	3.7626566951566973	No	No	No	No	No	Having a Child	Coach Mentor	Yes	Yes	82.26066666666665
female	4.5	4.333333333333333	2.3333333333333335	1.98	1.1980000000000006	1.4405000000000001	2.3219999999999996	2.6255128205128204	2.5383333333333353	3.4999999999999982	4.468666666666671	3.812222222222223	Yes	No	No	No	No	Having a Child	Coach Mentor	Yes	Yes	98.589
male	5	5	1.3333333333333333	1.25	1	1	1.2	4.615384615384615	1	3	5	5	No	No	No	No	No	Having a Child	Peer Mentor Internal	Yes	Yes	524
male	4.25	5	1	1	1.2	1.25	1	3.6153846153846154	2.6666666666666665	4.333333333333333	5	4.68027777777778	No	No	No	No	No	Having a Child	Mgr. Mentor Internal	Yes	Yes	154.513
female	4.589166666666667	4.109807692307694	1.591388888888889	1	1	1	1	2.3076923076923075	1.3333333333333333	2	4.6	3.7777777777777777	No	No	No	No	No	Having a Child	Coach Mentor	Yes	Yes	31
female	4.25	4.833333333333333	1	1	1	1	1	4.3076923076923075	1	3.3333333333333335	4.2	5	No	No	No	No	No	Having a Child	Peer Mentor External	Yes	Yes	116
female	4.75	4	2	1.9991666666666665	1.3586666666666685	1.5683333333333334	2.2016666666666667	2.8352115384615395	2.516666666666667	3.053611111111112	4.069333333333335	3.726481481481482	Yes	No	No	No	No	Having a Child	Mgr. Mentor External	Yes	Yes	82.69791666666669
male	4.75	4.833333333333333	1	1	1	2.25	1.4	4.615384615384615	1.6666666666666667	5	5	3.3333333333333335	Yes	Yes	No	No	No	Having a Child	Peer Mentor Internal	Yes	No	53
female	3.25	3.1666666666666665	3	1.75	3	3	3	3	4	3	3	3	No	No	No	No	No	Partner Illness	No Mentor	Yes	Yes	109
male	2.75	3	2.6666666666666665	2.8652499999999996	2.6283333333333316	2.638690476190476	2.490333333333335	2.772820512820512	3.73989898989899	2.86	3.2620000000000005	3.128333333333334	No	No	No	No	No	Having a Child	Peer Mentor Internal	Yes	Yes	61.51
female	4.22625	3.83435185185185	3.3462499999999995	2.2832142857142856	1.474666666666667	1.62	2.4790000000000005	2.834423076923077	3.0361111111111114	3.205555555555555	4.210999999999999	3.649629629629632	Yes	No	No	No	No	Having a Child	Peer Mentor External	Yes	Yes	117.58
female	5	3.8333333333333335	1	1	1	2	2.4	2.6153846153846154	1.3333333333333333	3	4.8	4.444444444444445	Yes	No	No	No	No	Having a Child	Peer Mentor Internal	Yes	No	15
female	4	4	2	2.18725	1.3813333333333344	1.5733333333333335	2.268666666666668	2.9816346153846154	2.5600925925925937	3.060555555555556	3.9920000000000004	3.822592592592594	Yes	No	No	No	No	Having a Child	Mgr. Mentor External	Yes	Yes	79.23
male	4.25	3.8333333333333335	2	2.25	2.4	2.25	2.8	3.1538461538461537	3.3333333333333335	3	3.6	3.111111111111111	No	No	No	No	No	Elder Parent	Peer Mentor Internal	Yes	Yes	23
male	3.5	3.5	4	3.0400416666666668	2.6633333333333327	2.7369047619047615	2.716666666666668	2.738974358974359	3.87	3.2598484848484848	3.474	3.2700925925925923	No	No	No	No	No	Having a Child	No Mentor	Yes	Yes	60.50066666666667
female	4.32125	4.055	1.9577777777777776	1.5	3.4	2.5	2.2	2	3	4	4.4	3.7777777777777777	Yes	No	No	No	No	Having a Child	Coach Mentor	Yes	Yes	123
male	4.25	4.166666666666667	2.6666666666666665	2	3	2.75	2	1.1538461538461537	2	2	3.4	2.888888888888889	No	No	No	No	No	Having a Child	Peer Mentor Internal	Yes	No	76
male	3	3	3	2.25	3.8	3.5	2.4	2.5384615384615383	4.666666666666667	3.6666666666666665	2.2	4	No	No	No	No	No	Having a Child	No Mentor	Yes	No	50
female	4.5	4.666666666666667	2.3333333333333335	1	1.2	1	1.6	3.230769230769231	2	2.6666666666666665	4.6	4	No	No	No	No	No	Having a Child	Coach Mentor	Yes	No	79
female	3.9025	3.84152777777778	2.503888888888889	3.25	2.2	2	2.8	2.230769230769231	5.333333333333333	2.6666666666666665	4	2.6666666666666665	Yes	No	No	No	No	Having a Child	Peer Mentor Internal	Yes	Yes	65.2075
female	3.4975	3.5354993894993907	3.0130808080808062	2.8975	2.461333333333333	2.380238095238095	2.865333333333334	2.688	4.124444444444445	2.9622222222222234	3.535266666666668	3.1332407407407405	No	No	No	No	No	Having a Child	Peer Mentor Internal	Yes	Yes	74.32
male	3.5	3.1666666666666665	3.3333333333333335	3.1446249999999996	3.0249999999999995	2.9283333333333332	2.912350877192982	2.955384615384614	4.4999603174603156	3.2755555555555556	3.0969999999999986	3.077314814814816	No	No	No	No	No	Having a Child	No Mentor	Yes	Yes	70.01133333333333
female	3.75	3.6666666666666665	2.3333333333333335	2.7629166666666665	2.005000000000001	1.9398809523809524	2.7560000000000016	2.6286882591093126	3.659722222222221	2.860000000000001	3.947000000000001	3.280648148148149	Yes	No	No	No	No	Having a Child	Peer Mentor Internal	Yes	Yes	68.44
female	5	4.333333333333333	1	1.75	1	1	2.4	1.7692307692307692	3.3333333333333335	2	4.4	3.3333333333333335	Yes	Yes	No	No	No	Having a Child	Peer Mentor Internal	Yes	No	98
female	4.5	4.5	4.666666666666667	2.3225	1.390666666666667	1.635	2.432	3.1291346153846153	3.126666666666667	3.9966666666666675	4.307000000000001	3.970740740740743	Yes	No	No	No	No	Education	Peer Mentor External	Yes	No	190.24904761904764
male	2.5	3.5	3	3.163375	2.8553333333333337	2.6879166666666663	2.858350877192982	2.835384615384614	4.479682539682538	3.119999999999999	3.170428571428572	3.064444444444445	No	No	No	No	No	Having a Child	No Mentor	Yes	Yes	86.71833333333333
male	3.5	2.8333333333333335	4	3.048541666666667	2.9420000000000006	3.01	2.5060000000000016	2.863846153846153	4.139859307359307	3.083333333333333	2.9360000000000004	2.942314814814815	No	No	No	No	No	Having a Child	No Mentor	Yes	Yes	82.05
male	4.5	4	1	1.75	1	1	1.6	2	1	2.6666666666666665	4	3.5555555555555554	No	No	No	No	No	Having a Child	Peer Mentor Internal	Yes	No	39
female	4	2.1666666666666665	2.6666666666666665	2	1	1	2.2	2.1538461538461537	4	2.3333333333333335	3.8	3.6666666666666665	No	No	No	No	No	Having a Child	Mgr. Mentor Internal	Yes	Yes	72
female	4	3.8333333333333335	2.3333333333333335	2.5	1.329333333333334	1.3775	1.8	2.1538461538461537	3.3333333333333335	2.3333333333333335	4.0977999999999994	3.5555555555555554	No	No	No	No	No	Having a Child	Mgr. Mentor Internal	Yes	No	30
female	4	4.166666666666667	2.6666666666666665	2.5	2.4	2.25	3	2.769230769230769	5.666666666666667	3.6666666666666665	2.8	3.111111111111111	Yes	No	No	No	No	Elder Parent	Peer Mentor Internal	Yes	Yes	70
female	4.1975	4.080809523809525	2.0350000000000006	2	1	1	2.6	2.8461538461538463	2	3.3333333333333335	4.8	3.2222222222222223	Yes	No	No	No	No	Having a Child	Mgr. Mentor Internal	Yes	Yes	68
female	4.5	4.333333333333333	2	2.0366666666666666	1.3036666666666676	1.5563333333333333	2.2026666666666674	2.797596153846156	2.5058333333333342	3.183333333333335	4.064500000000001	3.762222222222222	Yes	No	No	No	No	Having a Child	Mgr. Mentor External	Yes	Yes	96.90233333333332
male	3.5	2.5	3.3333333333333335	3	2.6	3	2.4	2.6923076923076925	3.3333333333333335	2.6666666666666665	3	3	No	No	No	Yes	Yes	Education	Coach Mentor	Yes	Yes	72
female	3.825	3.7783333333333347	3.125	3.5	2.8	1.5	2.8	2.923076923076923	5	4.666666666666667	4	3.4444444444444446	Yes	No	No	No	No	Education	No Mentor	Yes	No	195
male	4	4	1	2	1	1	2.6	1.5384615384615385	1	4	4.8	3.111111111111111	No	No	No	No	No	Having a Child	Coach Mentor	Yes	No	285
female	4.25	4.5	1.6666666666666667	1.7258333333333333	1.3684666666666672	1.5605000000000002	2.1140000000000017	2.6429807692307707	2.457500000000002	3.7141666666666664	4.448000000000002	3.8983333333333303	Yes	No	No	No	No	Having a Child	Mgr. Mentor Internal	Yes	Yes	117.51
female	4.5	4	1.6666666666666667	3.5	2.2	2.75	3.6	2.3076923076923075	3.3333333333333335	2.3333333333333335	4	2.6666666666666665	No	No	No	No	No	Having a Child	Peer Mentor Internal	Yes	Yes	80.58
male	4.25	2.1666666666666665	3.6666666666666665	1	1	1.25	1.6	2.3846153846153846	4.333333333333333	2.3333333333333335	4	3.4444444444444446	No	No	No	No	No	Having a Child	Peer Mentor Internal	Yes	Yes	94.64333333333335
female	4.245	3.814181818181818	2.865000000000001	3.75	1.6	1.75	2.2	2.4615384615384617	3.3333333333333335	2	5	3.3333333333333335	Yes	No	No	No	No	Having a Child	Peer Mentor Internal	Yes	No	400
male	4	5	2.6666666666666665	2.25	3	1.25	2.6	2.076923076923077	3.6666666666666665	3	3.8	3.2222222222222223	Yes	No	No	Yes	No	Having a Child	No Mentor	Yes	Yes	70
female	4.75	4.166666666666667	1	1	1.4	1.25	1.6	1.9230769230769231	2.6666666666666665	2.6666666666666665	4	3.888888888888889	No	No	No	No	No	Having a Child	Peer Mentor Internal	Yes	Yes	10
female	4.5	4	1	1.4825	1.2194666666666674	1.413	1.8000000000000003	2.703461538461539	2.2783333333333338	3.4128333333333325	4.538000000000001	3.9431481481481474	Yes	No	No	No	No	Having a Child	Mgr. Mentor Internal	Yes	Yes	111.97333333333334
female	4	4	2	2	1	1	1	2.6923076923076925	1	3	3.8	4	No	No	No	No	No	Having a Child	Peer Mentor Internal	Yes	No	110
female	4	4	2.3333333333333335	2.42	1.4383333333333344	1.6083333333333334	2.4586666666666672	2.9627115384615377	2.6522222222222234	3.122777777777777	4.0200000000000005	3.8314814814814833	Yes	No	No	No	No	Having a Child	Mgr. Mentor External	Yes	Yes	80.2
male	2.5	2.5	2.3333333333333335	2.830625	2.5753333333333326	2.593690476190476	2.633500000000002	2.735128205128205	3.7675	2.8233333333333337	3.312800000000002	3.130555555555556	No	No	No	No	No	Having a Child	Peer Mentor Internal	Yes	Yes	103.22
female	4.1177631578947365	3.83	2.825138888888889	2.25	1.4	1.25	2.8	2.5384615384615383	3.6666666666666665	3	3.8	3.2222222222222223	Yes	No	No	No	No	Having a Child	Peer Mentor Internal	Yes	Yes	112
male	4.5	4	4	1	1.4	1.5	2.2	3.3076923076923075	3.6666666666666665	3.6666666666666665	2.8	4	No	No	No	No	No	Having a Child	Peer Mentor Internal	Yes	Yes	153.36216666666667
male	3.25	3.3333333333333335	4	3.138125	3.085333333333333	3.0375	2.8976842105263154	2.95153846153846	4.4194444444444425	3.125555555555556	2.9824285714285725	3.0028703703703705	No	No	No	No	No	Having a Child	No Mentor	Yes	Yes	80.85633333333334
female	3.75	4	2.3333333333333335	1	1.4	1.5	2	3.3846153846153846	2.3333333333333335	4	4.6	4	Yes	Yes	Yes	Yes	No	Education	Coach Mentor	Yes	Yes	142
female	4	5	2	2.5	2.6	2.5	2.8	3.3846153846153846	3.6666666666666665	5	4.6	3.888888888888889	Yes	No	No	No	No	Having a Child	No Mentor	Yes	Yes	171.35333333333335
male	4.5	4.333333333333333	4.333333333333333	1.25	1	1.75	2.6	3.3076923076923075	3.3333333333333335	5	3.4	3.5555555555555554	Yes	No	Yes	No	No	Elder Parent	Peer Mentor Internal	Yes	No	531
male	5	5	1	1	1.8	1.5	1.2	1.3076923076923077	5.333333333333333	4.666666666666667	5	3.6666666666666665	No	No	No	No	No	Having a Child	Peer Mentor Internal	Yes	Yes	37
female	4.25	4.5	2	2.0416666666666665	1.442000000000001	1.5913333333333333	2.1846666666666676	3.0856730769230776	2.447500000000001	3.2000000000000006	4.102000000000001	3.9101851851851865	Yes	No	No	No	No	Education	Peer Mentor External	Yes	Yes	147.55066666666664
female	4	4	2	1	1.4	1.25	2.2	2.8461538461538463	2	1.6666666666666667	4	3.888888888888889	Yes	No	No	No	No	Having a Child	Peer Mentor Internal	Yes	Yes	50
female	3.8325	3.6095075757575783	3.173492063492063	4	3.8	2.25	3	3.6153846153846154	6	5	5	3.3333333333333335	Yes	No	No	No	No	Having a Child	Peer Mentor Internal	Yes	Yes	201.68
male	4	3.3333333333333335	1.6666666666666667	1.7880357142857142	1.2466666666666673	1.2203571428571427	1.8739999999999997	2.6038461538461544	2.625555555555558	3.4898484848484856	3.9934666666666656	3.767008547008548	No	No	No	No	No	Having a Child	Coach Mentor	Yes	Yes	62.007
male	4.25	4.5	1.6666666666666667	2	1	1	2	2	3	5	4.4	3.5555555555555554	No	No	Yes	No	No	Having a Child	Coach Mentor	Yes	Yes	205
female	4.25	3.3333333333333335	2.6666666666666665	2.1582142857142856	1.5510000000000008	1.5659821428571428	2.5109999999999992	2.5629999999999997	3.2966666666666664	3.1433333333333335	4.215666666666668	3.3367307692307704	Yes	No	No	No	No	Having a Child	Coach Mentor	Yes	Yes	93.00833333333333
female	3.5	3.8333333333333335	4	2.934166666666666	1.8283333333333338	2.0483333333333333	2.5608333333333326	2.74689338731444	3.543333333333332	3.410666666666666	4.0489999999999995	3.5551851851851874	Yes	No	No	No	No	Having a Child	Coach Mentor	Yes	Yes	93.81
male	4.25	4.333333333333333	1.6666666666666667	2.25	1.2	1.25	2.4	2.6923076923076925	3.3333333333333335	3	4.2	4.111111111111111	No	No	No	Yes	No	Having a Child	Peer Mentor Internal	Yes	Yes	196
male	3.25	3.6666666666666665	3.3333333333333335	3.1352499999999996	2.871333333333334	2.74875	2.626350877192982	2.9592307692307673	4.038787878787877	3.1366666666666663	3.2404285714285725	3.087314814814816	No	No	No	No	No	Having a Child	No Mentor	Yes	Yes	78.20966666666666
male	3.5	2.6666666666666665	3	3.002125	3.0186666666666664	2.8375	2.7093333333333347	2.914615384615384	4.618849206349204	3.36	3.0919999999999987	3.140092592592594	No	No	No	No	No	Having a Child	No Mentor	Yes	Yes	90.50800000000001
female	4.25	4.166666666666667	1.6666666666666667	2.0866666666666664	1.3464666666666676	1.5805	2.102000000000001	2.838942307692308	2.459166666666668	2.9716666666666676	4.0885	3.7888888888888888	Yes	No	No	No	No	Having a Child	Mgr. Mentor External	Yes	Yes	84.65233333333333
female	2.665625	3.73896296296296	3.3894444444444427	3.104166666666666	1.8873333333333333	1.995297619047619	2.5773333333333337	2.749201079622133	3.293333333333333	3.437333333333333	3.997999999999999	3.527592592592593	Yes	No	No	No	No	Having a Child	Coach Mentor	Yes	Yes	102.49
male	4.75	4.166666666666667	1	1.5	1.6	1.25	1.6	2.230769230769231	3.6666666666666665	3	4.8	4.666666666666667	No	No	No	No	No	Having a Child	Peer Mentor Internal	Yes	No	130
male	3.25	3.5	4.666666666666667	3.123375	2.9960000000000004	2.819583333333333	2.87901754385965	2.948461538461538	4.556666666666665	3.3888888888888893	3.154428571428573	3.215092592592594	No	No	No	No	No	Having a Child	No Mentor	Yes	Yes	116.83833333333334
female	4	4	2.3333333333333335	2.42	1.4383333333333344	1.6083333333333334	2.4586666666666672	2.9627115384615377	2.6522222222222234	3.122777777777777	4.0200000000000005	3.8314814814814833	Yes	No	No	No	No	Having a Child	Mgr. Mentor External	Yes	Yes	80.2
female	2.75	3	3.3333333333333335	3.06625	2.2720000000000002	2.3410714285714285	2.611333333333334	2.757358974358974	3.666666666666667	3.1422222222222222	3.8416	3.4390740740740746	Yes	No	No	No	No	Having a Child	Coach Mentor	Yes	Yes	87.98
female	4	4.666666666666667	1	2	1	1	1.8	2.769230769230769	1	4.333333333333333	3.8	4.444444444444445	No	No	No	No	No	Having a Child	Coach Mentor	No	No	70
female	4	4	2.3333333333333335	2.42	1.4383333333333344	1.6083333333333334	2.4586666666666672	2.9627115384615377	2.6522222222222234	3.122777777777777	4.0200000000000005	3.8314814814814833	Yes	No	No	No	No	Having a Child	Mgr. Mentor External	Yes	Yes	80.2
female	4.5	4.166666666666667	2.6666666666666665	2.2316666666666665	1.4066666666666674	1.6275	2.374	2.9683653846153844	2.9137037037037037	3.3666666666666667	4.238	3.824444444444446	Yes	No	No	No	No	Having a Child	Peer Mentor External	Yes	Yes	114.88566666666665
female	5	4.666666666666667	3	2.75	1.6	1.5	2.4	3	2	4.333333333333333	4.8	4	Yes	No	No	Yes	Yes	Education	Mgr. Mentor Internal	Yes	No	295
female	5	5	1.6666666666666667	1.4175	1.2356666666666671	1.445	1.9780000000000002	2.5807692307692305	2.5500000000000007	3.7266666666666657	4.691200000000002	4.000370370370371	Yes	No	No	No	No	Having a Child	Mgr. Mentor Internal	Yes	Yes	103.59133333333334
female	4.5	4.333333333333333	2	1	1	1.25	1.6	2.4615384615384617	1	2.6666666666666665	4	3.4444444444444446	Yes	No	Yes	Yes	No	Elder Parent	Peer Mentor Internal	Yes	Yes	122
female	4	2.8333333333333335	4	2	1	1	2.2	2	6	4.333333333333333	4	3.111111111111111	Yes	No	No	No	No	Education	Peer Mentor Internal	Yes	Yes	51
female	3.4747222222222223	3.8023333333333347	3.3422222222222224	3.25	2.4	4	2.6	3	4.333333333333333	5	4	3.6666666666666665	Yes	No	No	No	No	Having a Child	No Mentor	Yes	Yes	332
female	4.75	5	1	1.3875	1.1213333333333337	1.3325	1.7333333333333336	2.6958333333333337	2.448333333333334	3.747682539682539	4.760000000000002	4.184259259259261	No	No	No	No	No	Having a Child	Coach Mentor	Yes	Yes	65.90350000000001
female	4.5	3.5	2.6666666666666665	2.0282142857142857	1.4810000000000008	1.4953571428571428	2.385	2.538846153846153	2.9558333333333344	3.2800000000000007	4.280666666666669	3.4681196581196594	Yes	No	No	No	No	Having a Child	Coach Mentor	Yes	Yes	96.36833333333333
female	4.25	4.666666666666667	3.6666666666666665	2.3891666666666667	1.3740000000000003	1.6535	2.438999999999999	2.9688461538461537	3.0438888888888904	3.676666666666668	4.227	3.857222222222224	Yes	No	No	No	No	Education	Peer Mentor External	Yes	Yes	159.02266666666665
male	3.5	3.5	3.6666666666666665	3.163375	3.019666666666666	2.833333333333333	2.9243508771929823	2.9476923076923067	4.543055555555554	3.4188888888888886	3.104428571428571	3.153981481481484	No	No	No	No	No	Having a Child	No Mentor	Yes	Yes	79.92633333333335
female	4	4	1	2	1	1.5	1.4	3	1	4	4	4.333333333333333	No	No	No	No	No	Having a Child	Mgr. Mentor Internal	Yes	No	87.68366666666667
female	4.25	4.333333333333333	2.3333333333333335	2.1325	1.4050000000000005	1.618	2.3940000000000006	2.8427884615384635	2.724166666666668	3.643333333333333	4.413000000000002	3.773888888888891	Yes	No	No	No	No	Having a Child	Mgr. Mentor Internal	Yes	Yes	132.35333333333335
female	4.5	4.666666666666667	1.6666666666666667	1	1	1	2	2	2	3.6666666666666665	4	4	No	No	No	No	No	Having a Child	Peer Mentor Internal	Yes	No	148
female	4.235163043478261	4.051833333333334	1.4104347826086956	2	1.4	1.5	1.8	2.769230769230769	1.6666666666666667	2	4.6	4.111111111111111	No	No	No	No	No	Having a Child	Coach Mentor	Yes	No	66
female	5	4.833333333333333	2	1.56	1.1663333333333343	1.43	2.0380000000000003	2.6843589743589735	2.5950000000000015	3.522833333333333	4.577500000000003	3.893703703703703	Yes	No	No	No	No	Having a Child	Coach Mentor	Yes	Yes	87.02083333333334
female	4.2025	4.125694444444445	1.9533333333333338	1.75	1	1	2.2	3.3076923076923075	2	3	4	4.333333333333333	Yes	No	Yes	Yes	Yes	Having a Child	Peer Mentor Internal	Yes	Yes	67
female	3.4975	3.5354993894993907	3.0130808080808062	2.8975	2.461333333333333	2.380238095238095	2.865333333333334	2.688	4.124444444444445	2.9622222222222234	3.535266666666668	3.1332407407407405	No	No	No	No	No	Having a Child	Peer Mentor Internal	Yes	Yes	74.32
female	5	5	1	1.353333333333333	1.1293333333333337	1.31	1.7506666666666666	2.756602564102564	2.4250000000000003	3.7176825396825395	4.764000000000001	4.215925925925927	Yes	No	No	No	No	Having a Child	Coach Mentor	Yes	Yes	65.70183333333334
female	3.5	4	3.3333333333333335	2.25	2	1.25	2.6	3.1538461538461537	4	3.6666666666666665	4.4	3.3333333333333335	No	No	No	No	No	Education	Mgr. Mentor Internal	Yes	Yes	36
female	4	4.5	1.3333333333333333	1.8733333333333335	1.3552666666666673	1.495	1.9490666666666678	2.6750320512820513	1.9766666666666672	3.6564444444444444	4.280000000000002	4.054444444444442	Yes	No	No	No	No	Having a Child	Mgr. Mentor Internal	No	No	121.52
male	5	5	1	1	1	1	1	1.6153846153846154	1.3333333333333333	4.666666666666667	4.8	5	Yes	Yes	No	No	No	Having a Child	Peer Mentor Internal	Yes	No	27
female	3.75	3.8333333333333335	3	2.826666666666666	1.4520000000000008	1.78625	2.539333333333334	2.7514615384615375	3.687121212121212	3.3766666666666656	4.225999999999999	3.5094444444444446	Yes	No	No	No	No	Having a Child	Mgr. Mentor Internal	Yes	Yes	92.55
male	4.175	3.5711111111111107	2.0734999999999997	2	2	1.75	2.4	2.6923076923076925	1.6666666666666667	3.3333333333333335	3.8	3.111111111111111	No	No	No	No	No	Having a Child	Peer Mentor Internal	Yes	No	7
male	3.75	3.5	2.6666666666666665	2.7046249999999996	2.4973333333333323	2.3723214285714285	2.9660000000000024	2.691666666666667	4.025555555555555	3.0500000000000016	3.6406666666666707	3.1525925925925935	No	No	No	No	No	Having a Child	Peer Mentor Internal	Yes	Yes	60.656666666666666
male	4.25	4	1	1.25	1	1.5	2.2	3.1538461538461537	1	3.3333333333333335	4.8	4.555555555555555	Yes	Yes	No	Yes	No	Having a Child	Mgr. Mentor Internal	Yes	No	360
female	4.25	4.166666666666667	2	1.75	2	1.75	2	2.3846153846153846	4.333333333333333	3	3.8	3.888888888888889	Yes	No	No	No	No	Having a Child	Peer Mentor Internal	Yes	Yes	56
male	4.5	2.8333333333333335	2.3333333333333335	1.77	1.3200000000000005	1.3703571428571428	2.0839999999999996	2.3953846153846152	2.992499999999999	3.472348484848485	4.070666666666666	3.431323361823362	No	No	No	No	No	Having a Child	Coach Mentor	Yes	Yes	81.334
female	4.25	4	1.3333333333333333	1.567619047619048	1.2674666666666676	1.4080000000000001	1.8186666666666675	2.7202884615384617	2.242333333333334	3.3099999999999996	4.361200000000001	3.926296296296295	Yes	No	No	No	No	Having a Child	Mgr. Mentor Internal	Yes	Yes	98.13333333333334
